,Survived,Pclass,Sex,Age,SibSp,Parch,Fare,Title,C,Q,AgeBins,Deck_0,Deck_1,Deck_2,Deck_3,Deck_4,Deck_5,Deck_6,Deck_7,Deck_8,CabinLetter
0,0,3,male,22.0,1,0,7,Mr,0,0,adult,1,0,0,0,0,0,0,0,0,0
1,1,1,female,38.0,1,0,71,Mrs,1,0,adult,0,1,0,0,0,0,0,0,0,1
2,1,3,female,26.0,0,0,7,Miss,0,0,adult,1,0,0,0,0,0,0,0,0,0
3,1,1,female,35.0,1,0,53,Mrs,0,0,adult,0,1,0,0,0,0,0,0,0,1
4,0,3,male,35.0,0,0,8,Mr,0,0,adult,1,0,0,0,0,0,0,0,0,0
5,0,3,male,20.5348532076,0,0,8,Mr,0,1,adult,1,0,0,0,0,0,0,0,0,0
6,0,1,male,54.0,0,0,51,Mr,0,0,mature,0,0,1,0,0,0,0,0,0,2
7,0,3,male,2.0,3,1,21,Master,0,0,child,1,0,0,0,0,0,0,0,0,0
8,1,3,female,27.0,0,2,11,Mrs,0,0,adult,1,0,0,0,0,0,0,0,0,0
9,1,2,female,14.0,1,0,30,Mrs,1,0,child,1,0,0,0,0,0,0,0,0,0
10,1,3,female,4.0,1,1,16,Miss,0,0,child,0,0,0,1,0,0,0,0,0,3
11,1,1,female,58.0,0,0,26,Miss,0,0,old,0,1,0,0,0,0,0,0,0,1
12,0,3,male,20.0,0,0,8,Mr,0,0,adult,1,0,0,0,0,0,0,0,0,0
13,0,3,male,39.0,1,5,31,Mr,0,0,adult,1,0,0,0,0,0,0,0,0,0
14,0,3,female,14.0,0,0,7,Miss,0,0,child,1,0,0,0,0,0,0,0,0,0
15,1,2,female,55.0,0,0,16,Mrs,0,0,mature,1,0,0,0,0,0,0,0,0,0
16,0,3,male,2.0,4,1,29,Master,0,1,child,1,0,0,0,0,0,0,0,0,0
17,1,2,male,33.3483113468,0,0,13,Mr,0,0,adult,1,0,0,0,0,0,0,0,0,0
18,0,3,female,31.0,1,0,18,Mrs,0,0,adult,1,0,0,0,0,0,0,0,0,0
19,1,3,female,27.4215716865,0,0,7,Mrs,1,0,adult,1,0,0,0,0,0,0,0,0,0
20,0,2,male,35.0,0,0,26,Mr,0,0,adult,1,0,0,0,0,0,0,0,0,0
21,1,2,male,34.0,0,0,13,Mr,0,0,adult,0,0,0,0,1,0,0,0,0,4
22,1,3,female,15.0,0,0,8,Miss,0,1,child,1,0,0,0,0,0,0,0,0,0
23,1,1,male,28.0,0,0,35,Mr,0,0,adult,0,0,0,0,0,1,0,0,0,5
24,0,3,female,8.0,3,1,21,Miss,0,0,child,1,0,0,0,0,0,0,0,0,0
25,1,3,female,38.0,1,5,31,Mrs,0,0,adult,1,0,0,0,0,0,0,0,0,0
26,0,3,male,27.4215716865,0,0,7,Mr,1,0,adult,1,0,0,0,0,0,0,0,0,0
27,0,1,male,19.0,3,2,263,Mr,0,0,adult,0,1,0,0,0,0,0,0,0,1
28,1,3,female,31.3433157707,0,0,7,Miss,0,1,adult,1,0,0,0,0,0,0,0,0,0
29,0,3,male,28.0454478935,0,0,7,Mr,0,0,adult,1,0,0,0,0,0,0,0,0,0
30,0,1,male,40.0,0,0,27,Sir,1,0,adult,1,0,0,0,0,0,0,0,0,0
31,1,1,female,35.8225900794,1,0,146,Mrs,1,0,adult,0,0,0,0,0,0,1,0,0,6
32,1,3,female,31.3433157707,0,0,7,Miss,0,1,adult,1,0,0,0,0,0,0,0,0,0
33,0,2,male,66.0,0,0,10,Mr,0,0,old,1,0,0,0,0,0,0,0,0,0
34,0,1,male,28.0,1,0,82,Mr,1,0,adult,1,0,0,0,0,0,0,0,0,0
35,0,1,male,42.0,1,0,52,Mr,0,0,mature,1,0,0,0,0,0,0,0,0,0
36,1,3,male,27.4215716865,0,0,7,Mr,1,0,adult,1,0,0,0,0,0,0,0,0,0
37,0,3,male,21.0,0,0,8,Mr,0,0,adult,1,0,0,0,0,0,0,0,0,0
38,0,3,female,18.0,2,0,18,Miss,0,0,child,1,0,0,0,0,0,0,0,0,0
39,1,3,female,14.0,1,0,11,Miss,1,0,child,1,0,0,0,0,0,0,0,0,0
40,0,3,female,40.0,1,0,9,Mrs,0,0,adult,1,0,0,0,0,0,0,0,0,0
41,0,2,female,27.0,1,0,21,Mrs,0,0,adult,1,0,0,0,0,0,0,0,0,0
42,0,3,male,27.4215716865,0,0,7,Mr,1,0,adult,1,0,0,0,0,0,0,0,0,0
43,1,2,female,3.0,1,2,41,Miss,1,0,child,1,0,0,0,0,0,0,0,0,0
44,1,3,female,19.0,0,0,7,Miss,0,1,adult,1,0,0,0,0,0,0,0,0,0
45,0,3,male,28.7049555547,0,0,8,Mr,0,0,adult,1,0,0,0,0,0,0,0,0,0
46,0,3,male,27.7305507631,1,0,15,Mr,0,1,adult,1,0,0,0,0,0,0,0,0,0
47,1,3,female,31.3433157707,0,0,7,Miss,0,1,adult,1,0,0,0,0,0,0,0,0,0
48,0,3,male,19.3606424603,2,0,21,Mr,1,0,adult,1,0,0,0,0,0,0,0,0,0
49,0,3,female,18.0,1,0,17,Mrs,0,0,child,1,0,0,0,0,0,0,0,0,0
50,0,3,male,7.0,4,1,39,Master,0,0,child,1,0,0,0,0,0,0,0,0,0
51,0,3,male,21.0,0,0,7,Mr,0,0,adult,1,0,0,0,0,0,0,0,0,0
52,1,1,female,49.0,1,0,76,Mrs,1,0,mature,0,0,0,0,1,0,0,0,0,4
53,1,2,female,29.0,1,0,26,Mrs,0,0,adult,1,0,0,0,0,0,0,0,0,0
54,0,1,male,65.0,0,1,61,Mr,1,0,old,0,0,0,0,0,0,1,0,0,6
55,1,1,male,38.096635119,0,0,35,Mr,0,0,adult,0,1,0,0,0,0,0,0,0,1
56,1,2,female,21.0,0,0,10,Miss,0,0,adult,1,0,0,0,0,0,0,0,0,0
57,0,3,male,28.5,0,0,7,Mr,1,0,adult,1,0,0,0,0,0,0,0,0,0
58,1,2,female,5.0,1,2,27,Miss,0,0,child,1,0,0,0,0,0,0,0,0,0
59,0,3,male,11.0,5,2,46,Master,0,0,child,1,0,0,0,0,0,0,0,0,0
60,0,3,male,22.0,0,0,7,Sir,1,0,adult,1,0,0,0,0,0,0,0,0,0
61,1,1,female,38.0,0,0,80,Miss,0,0,adult,0,0,0,0,0,0,1,0,0,6
62,0,1,male,45.0,1,0,83,Mr,0,0,mature,0,1,0,0,0,0,0,0,0,1
63,0,3,male,4.0,3,2,27,Master,0,0,child,1,0,0,0,0,0,0,0,0,0
64,0,1,male,38.1294614768,0,0,27,Mr,1,0,adult,1,0,0,0,0,0,0,0,0,0
65,1,3,male,14.2590790476,1,1,15,Master,1,0,child,1,0,0,0,0,0,0,0,0,0
66,1,2,female,29.0,0,0,10,Mrs,0,0,adult,0,0,0,0,0,0,0,1,0,7
67,0,3,male,19.0,0,0,8,Mr,0,0,adult,1,0,0,0,0,0,0,0,0,0
68,1,3,female,17.0,4,2,7,Miss,0,0,child,1,0,0,0,0,0,0,0,0,0
69,0,3,male,26.0,2,0,8,Mr,0,0,adult,1,0,0,0,0,0,0,0,0,0
70,0,2,male,32.0,0,0,10,Mr,0,0,adult,1,0,0,0,0,0,0,0,0,0
71,0,3,female,16.0,5,2,46,Miss,0,0,child,1,0,0,0,0,0,0,0,0,0
72,0,2,male,21.0,0,0,73,Mr,0,0,adult,1,0,0,0,0,0,0,0,0,0
73,0,3,male,26.0,1,0,14,Mr,1,0,adult,1,0,0,0,0,0,0,0,0,0
74,1,3,male,32.0,0,0,56,Mr,0,0,adult,1,0,0,0,0,0,0,0,0,0
75,0,3,male,25.0,0,0,7,Mr,0,0,adult,0,0,0,0,0,0,0,1,0,7
76,0,3,male,28.0454478935,0,0,7,Mr,0,0,adult,1,0,0,0,0,0,0,0,0,0
77,0,3,male,28.7049555547,0,0,8,Mr,0,0,adult,1,0,0,0,0,0,0,0,0,0
78,1,2,male,0.83,0,2,29,Master,0,0,child,1,0,0,0,0,0,0,0,0,0
79,1,3,female,30.0,0,0,12,Miss,0,0,adult,1,0,0,0,0,0,0,0,0,0
80,0,3,male,22.0,0,0,9,Mr,0,0,adult,1,0,0,0,0,0,0,0,0,0
81,1,3,male,29.0,0,0,9,Mr,0,0,adult,1,0,0,0,0,0,0,0,0,0
82,1,3,female,31.3433157707,0,0,7,Miss,0,1,adult,1,0,0,0,0,0,0,0,0,0
83,0,1,male,28.0,0,0,47,Mr,0,0,adult,1,0,0,0,0,0,0,0,0,0
84,1,2,female,17.0,0,0,10,Miss,0,0,child,1,0,0,0,0,0,0,0,0,0
85,1,3,female,33.0,3,0,15,Mrs,0,0,adult,1,0,0,0,0,0,0,0,0,0
86,0,3,male,16.0,1,3,34,Mr,0,0,child,1,0,0,0,0,0,0,0,0,0
87,0,3,male,28.7049555547,0,0,8,Mr,0,0,adult,1,0,0,0,0,0,0,0,0,0
88,1,1,female,23.0,3,2,263,Miss,0,0,adult,0,1,0,0,0,0,0,0,0,1
89,0,3,male,24.0,0,0,8,Mr,0,0,adult,1,0,0,0,0,0,0,0,0,0
90,0,3,male,29.0,0,0,8,Mr,0,0,adult,1,0,0,0,0,0,0,0,0,0
91,0,3,male,20.0,0,0,7,Mr,0,0,adult,1,0,0,0,0,0,0,0,0,0
92,0,1,male,46.0,1,0,61,Mr,0,0,mature,0,0,1,0,0,0,0,0,0,2
93,0,3,male,26.0,1,2,20,Mr,0,0,adult,1,0,0,0,0,0,0,0,0,0
94,0,3,male,59.0,0,0,7,Mr,0,0,old,1,0,0,0,0,0,0,0,0,0
95,0,3,male,28.7049555547,0,0,8,Mr,0,0,adult,1,0,0,0,0,0,0,0,0,0
96,0,1,male,71.0,0,0,34,Mr,1,0,old,0,0,0,0,0,1,0,0,0,5
97,1,1,male,23.0,0,1,63,Mr,1,0,adult,0,0,0,0,1,0,0,0,0,4
98,1,2,female,34.0,0,1,23,Mrs,0,0,adult,1,0,0,0,0,0,0,0,0,0
99,0,2,male,34.0,1,0,26,Mr,0,0,adult,1,0,0,0,0,0,0,0,0,0
100,0,3,female,28.0,0,0,7,Miss,0,0,adult,1,0,0,0,0,0,0,0,0,0
101,0,3,male,28.0454478935,0,0,7,Mr,0,0,adult,1,0,0,0,0,0,0,0,0,0
102,0,1,male,21.0,0,1,77,Mr,0,0,adult,0,0,0,0,1,0,0,0,0,4
103,0,3,male,33.0,0,0,8,Mr,0,0,adult,1,0,0,0,0,0,0,0,0,0
104,0,3,male,37.0,2,0,7,Mr,0,0,adult,1,0,0,0,0,0,0,0,0,0
105,0,3,male,28.0,0,0,7,Mr,0,0,adult,1,0,0,0,0,0,0,0,0,0
106,1,3,female,21.0,0,0,7,Miss,0,0,adult,1,0,0,0,0,0,0,0,0,0
107,1,3,male,28.0454478935,0,0,7,Mr,0,0,adult,1,0,0,0,0,0,0,0,0,0
108,0,3,male,38.0,0,0,7,Mr,0,0,adult,1,0,0,0,0,0,0,0,0,0
109,1,3,female,29.7095606866,1,0,24,Miss,0,1,adult,1,0,0,0,0,0,0,0,0,0
110,0,1,male,47.0,0,0,52,Mr,0,0,mature,0,1,0,0,0,0,0,0,0,1
111,0,3,female,14.5,1,0,14,Miss,1,0,child,1,0,0,0,0,0,0,0,0,0
112,0,3,male,22.0,0,0,8,Mr,0,0,adult,1,0,0,0,0,0,0,0,0,0
113,0,3,female,20.0,1,0,9,Miss,0,0,adult,1,0,0,0,0,0,0,0,0,0
114,0,3,female,17.0,0,0,14,Miss,1,0,child,1,0,0,0,0,0,0,0,0,0
115,0,3,male,21.0,0,0,7,Mr,0,0,adult,1,0,0,0,0,0,0,0,0,0
116,0,3,male,70.5,0,0,7,Mr,0,1,old,1,0,0,0,0,0,0,0,0,0
117,0,2,male,29.0,1,0,21,Mr,0,0,adult,1,0,0,0,0,0,0,0,0,0
118,0,1,male,24.0,0,1,247,Mr,1,0,adult,0,0,0,0,0,0,1,0,0,6
119,0,3,female,2.0,4,2,31,Miss,0,0,child,1,0,0,0,0,0,0,0,0,0
120,0,2,male,21.0,2,0,73,Mr,0,0,adult,1,0,0,0,0,0,0,0,0,0
121,0,3,male,28.7049555547,0,0,8,Mr,0,0,adult,1,0,0,0,0,0,0,0,0,0
122,0,2,male,32.5,1,0,30,Mr,1,0,adult,1,0,0,0,0,0,0,0,0,0
123,1,2,female,32.5,0,0,13,Miss,0,0,adult,0,0,1,0,0,0,0,0,0,2
124,0,1,male,54.0,0,1,77,Mr,0,0,mature,0,0,0,0,1,0,0,0,0,4
125,1,3,male,12.0,1,0,11,Master,1,0,child,1,0,0,0,0,0,0,0,0,0
126,0,3,male,31.3433157707,0,0,7,Mr,0,1,adult,1,0,0,0,0,0,0,0,0,0
127,1,3,male,24.0,0,0,7,Mr,0,0,adult,1,0,0,0,0,0,0,0,0,0
128,1,3,female,19.8804840551,1,1,22,Miss,1,0,adult,0,0,0,0,0,0,0,1,0,7
129,0,3,male,45.0,0,0,6,Mr,0,0,mature,1,0,0,0,0,0,0,0,0,0
130,0,3,male,33.0,0,0,7,Mr,1,0,adult,1,0,0,0,0,0,0,0,0,0
131,0,3,male,20.0,0,0,7,Mr,0,0,adult,1,0,0,0,0,0,0,0,0,0
132,0,3,female,47.0,1,0,14,Mrs,0,0,mature,1,0,0,0,0,0,0,0,0,0
133,1,2,female,29.0,1,0,26,Mrs,0,0,adult,1,0,0,0,0,0,0,0,0,0
134,0,2,male,25.0,0,0,13,Mr,0,0,adult,1,0,0,0,0,0,0,0,0,0
135,0,2,male,23.0,0,0,15,Mr,1,0,adult,1,0,0,0,0,0,0,0,0,0
136,1,1,female,19.0,0,2,26,Miss,0,0,adult,0,0,0,0,1,0,0,0,0,4
137,0,1,male,37.0,1,0,53,Mr,0,0,adult,0,1,0,0,0,0,0,0,0,1
138,0,3,male,16.0,0,0,9,Mr,0,0,child,1,0,0,0,0,0,0,0,0,0
139,0,1,male,24.0,0,0,79,Mr,1,0,adult,0,0,0,0,0,0,1,0,0,6
140,0,3,female,16.3704994444,0,2,15,Mrs,1,0,child,1,0,0,0,0,0,0,0,0,0
141,1,3,female,22.0,0,0,7,Miss,0,0,adult,1,0,0,0,0,0,0,0,0,0
142,1,3,female,24.0,1,0,15,Mrs,0,0,adult,1,0,0,0,0,0,0,0,0,0
143,0,3,male,19.0,0,0,6,Mr,0,1,adult,1,0,0,0,0,0,0,0,0,0
144,0,2,male,18.0,0,0,11,Mr,0,0,child,1,0,0,0,0,0,0,0,0,0
145,0,2,male,19.0,1,1,36,Mr,0,0,adult,1,0,0,0,0,0,0,0,0,0
146,1,3,male,27.0,0,0,7,Mr,0,0,adult,1,0,0,0,0,0,0,0,0,0
147,0,3,female,9.0,2,2,34,Miss,0,0,child,1,0,0,0,0,0,0,0,0,0
148,0,2,male,36.5,0,2,26,Mr,0,0,adult,0,0,0,0,0,0,0,1,0,7
149,0,2,male,42.0,0,0,13,NaN,0,0,mature,1,0,0,0,0,0,0,0,0,0
150,0,2,male,51.0,0,0,12,NaN,0,0,mature,1,0,0,0,0,0,0,0,0,0
151,1,1,female,22.0,1,0,66,Mrs,0,0,adult,0,1,0,0,0,0,0,0,0,1
152,0,3,male,55.5,0,0,8,Mr,0,0,mature,1,0,0,0,0,0,0,0,0,0
153,0,3,male,40.5,0,2,14,Mr,0,0,mature,1,0,0,0,0,0,0,0,0,0
154,0,3,male,28.0454478935,0,0,7,Mr,0,0,adult,1,0,0,0,0,0,0,0,0,0
155,0,1,male,51.0,0,1,61,Mr,1,0,mature,1,0,0,0,0,0,0,0,0,0
156,1,3,female,16.0,0,0,7,Miss,0,1,child,1,0,0,0,0,0,0,0,0,0
157,0,3,male,30.0,0,0,8,Mr,0,0,adult,1,0,0,0,0,0,0,0,0,0
158,0,3,male,28.7049555547,0,0,8,Mr,0,0,adult,1,0,0,0,0,0,0,0,0,0
159,0,3,male,10.8111535152,8,2,69,Master,0,0,child,1,0,0,0,0,0,0,0,0,0
160,0,3,male,44.0,0,1,16,Mr,0,0,mature,1,0,0,0,0,0,0,0,0,0
161,1,2,female,40.0,0,0,15,Mrs,0,0,adult,1,0,0,0,0,0,0,0,0,0
162,0,3,male,26.0,0,0,7,Mr,0,0,adult,1,0,0,0,0,0,0,0,0,0
163,0,3,male,17.0,0,0,8,Mr,0,0,child,1,0,0,0,0,0,0,0,0,0
164,0,3,male,1.0,4,1,39,Master,0,0,child,1,0,0,0,0,0,0,0,0,0
165,1,3,male,9.0,0,2,20,Master,0,0,child,1,0,0,0,0,0,0,0,0,0
166,1,1,female,26.5810857143,0,1,55,Mrs,0,0,adult,0,0,1,0,0,0,0,0,0,2
167,0,3,female,45.0,1,4,27,Mrs,0,0,mature,1,0,0,0,0,0,0,0,0,0
168,0,1,male,48.0125055853,0,0,25,Mr,0,0,mature,1,0,0,0,0,0,0,0,0,0
169,0,3,male,28.0,0,0,56,Mr,0,0,adult,1,0,0,0,0,0,0,0,0,0
170,0,1,male,61.0,0,0,33,Mr,0,0,old,0,0,0,0,0,0,1,0,0,6
171,0,3,male,4.0,4,1,29,Master,0,1,child,1,0,0,0,0,0,0,0,0,0
172,1,3,female,1.0,1,1,11,Miss,0,0,child,1,0,0,0,0,0,0,0,0,0
173,0,3,male,21.0,0,0,7,Mr,0,0,adult,1,0,0,0,0,0,0,0,0,0
174,0,1,male,56.0,0,0,30,Mr,1,0,mature,0,0,0,0,0,1,0,0,0,5
175,0,3,male,18.0,1,1,7,Mr,0,0,child,1,0,0,0,0,0,0,0,0,0
176,0,3,male,6.00649795274,3,1,25,Master,0,0,child,1,0,0,0,0,0,0,0,0,0
177,0,1,female,50.0,0,0,28,Miss,1,0,mature,0,1,0,0,0,0,0,0,0,1
178,0,2,male,30.0,0,0,13,Mr,0,0,adult,1,0,0,0,0,0,0,0,0,0
179,0,3,male,36.0,0,0,0,Mr,0,0,adult,1,0,0,0,0,0,0,0,0,0
180,0,3,female,10.8111535152,8,2,69,Miss,0,0,child,1,0,0,0,0,0,0,0,0,0
181,0,2,male,26.0153150407,0,0,15,Mr,1,0,adult,1,0,0,0,0,0,0,0,0,0
182,0,3,male,9.0,4,2,31,Master,0,0,child,1,0,0,0,0,0,0,0,0,0
183,1,2,male,1.0,2,1,39,Master,0,0,child,0,0,0,0,0,0,0,1,0,7
184,1,3,female,4.0,0,2,22,Miss,0,0,child,1,0,0,0,0,0,0,0,0,0
185,0,1,male,37.092275,0,0,50,Mr,0,0,adult,0,0,0,0,0,1,0,0,0,5
186,1,3,female,27.7305507631,1,0,15,Mrs,0,1,adult,1,0,0,0,0,0,0,0,0,0
187,1,1,male,45.0,0,0,26,Mr,0,0,mature,1,0,0,0,0,0,0,0,0,0
188,0,3,male,40.0,1,1,15,Mr,0,1,adult,1,0,0,0,0,0,0,0,0,0
189,0,3,male,36.0,0,0,7,Mr,0,0,adult,1,0,0,0,0,0,0,0,0,0
190,1,2,female,32.0,0,0,13,Mrs,0,0,adult,1,0,0,0,0,0,0,0,0,0
191,0,2,male,19.0,0,0,13,Mr,0,0,adult,1,0,0,0,0,0,0,0,0,0
192,1,3,female,19.0,1,0,7,Miss,0,0,adult,1,0,0,0,0,0,0,0,0,0
193,1,2,male,3.0,1,1,26,Master,0,0,child,0,0,0,0,0,0,0,1,0,7
194,1,1,female,44.0,0,0,27,Mrs,1,0,mature,0,0,0,0,0,0,1,0,0,6
195,1,1,female,58.0,0,0,146,Miss,1,0,old,0,0,0,0,0,0,1,0,0,6
196,0,3,male,31.3433157707,0,0,7,Mr,0,1,adult,1,0,0,0,0,0,0,0,0,0
197,0,3,male,42.0,0,1,8,Mr,0,0,mature,1,0,0,0,0,0,0,0,0,0
198,1,3,female,31.3433157707,0,0,7,Miss,0,1,adult,1,0,0,0,0,0,0,0,0,0
199,0,2,female,24.0,0,0,13,Mrs,0,0,adult,1,0,0,0,0,0,0,0,0,0
200,0,3,male,28.0,0,0,9,Mr,0,0,adult,1,0,0,0,0,0,0,0,0,0
201,0,3,male,10.8111535152,8,2,69,Mr,0,0,child,1,0,0,0,0,0,0,0,0,0
202,0,3,male,34.0,0,0,6,Mr,0,0,adult,1,0,0,0,0,0,0,0,0,0
203,0,3,male,45.5,0,0,7,Mr,1,0,mature,1,0,0,0,0,0,0,0,0,0
204,1,3,male,18.0,0,0,8,Mr,0,0,child,1,0,0,0,0,0,0,0,0,0
205,0,3,female,2.0,0,1,10,Miss,0,0,child,0,0,0,1,0,0,0,0,0,3
206,0,3,male,32.0,1,0,15,Mr,0,0,adult,1,0,0,0,0,0,0,0,0,0
207,1,3,male,26.0,0,0,18,Mr,1,0,adult,1,0,0,0,0,0,0,0,0,0
208,1,3,female,16.0,0,0,7,Miss,0,1,child,1,0,0,0,0,0,0,0,0,0
209,1,1,male,40.0,0,0,31,Mr,1,0,adult,0,0,0,0,0,1,0,0,0,5
210,0,3,male,24.0,0,0,7,Mr,0,0,adult,1,0,0,0,0,0,0,0,0,0
211,1,2,female,35.0,0,0,21,Miss,0,0,adult,1,0,0,0,0,0,0,0,0,0
212,0,3,male,22.0,0,0,7,Mr,0,0,adult,1,0,0,0,0,0,0,0,0,0
213,0,2,male,30.0,0,0,13,Mr,0,0,adult,1,0,0,0,0,0,0,0,0,0
214,0,3,male,27.1219403444,1,0,7,Mr,0,1,adult,1,0,0,0,0,0,0,0,0,0
215,1,1,female,31.0,1,0,113,Miss,1,0,adult,0,0,0,0,1,0,0,0,0,4
216,1,3,female,27.0,0,0,7,Miss,0,0,adult,1,0,0,0,0,0,0,0,0,0
217,0,2,male,42.0,1,0,27,Mr,0,0,mature,1,0,0,0,0,0,0,0,0,0
218,1,1,female,32.0,0,0,76,Miss,1,0,adult,0,0,0,0,1,0,0,0,0,4
219,0,2,male,30.0,0,0,10,Mr,0,0,adult,1,0,0,0,0,0,0,0,0,0
220,1,3,male,16.0,0,0,8,Mr,0,0,child,1,0,0,0,0,0,0,0,0,0
221,0,2,male,27.0,0,0,13,Mr,0,0,adult,1,0,0,0,0,0,0,0,0,0
222,0,3,male,51.0,0,0,8,Mr,0,0,mature,1,0,0,0,0,0,0,0,0,0
223,0,3,male,28.0454478935,0,0,7,Mr,0,0,adult,1,0,0,0,0,0,0,0,0,0
224,1,1,male,38.0,1,0,90,Mr,0,0,adult,0,1,0,0,0,0,0,0,0,1
225,0,3,male,22.0,0,0,9,Mr,0,0,adult,1,0,0,0,0,0,0,0,0,0
226,1,2,male,19.0,0,0,10,Mr,0,0,adult,1,0,0,0,0,0,0,0,0,0
227,0,3,male,20.5,0,0,7,Mr,0,0,adult,1,0,0,0,0,0,0,0,0,0
228,0,2,male,18.0,0,0,13,Mr,0,0,child,1,0,0,0,0,0,0,0,0,0
229,0,3,female,6.00649795274,3,1,25,Miss,0,0,child,1,0,0,0,0,0,0,0,0,0
230,1,1,female,35.0,1,0,83,Mrs,0,0,adult,0,1,0,0,0,0,0,0,0,1
231,0,3,male,29.0,0,0,7,Mr,0,0,adult,1,0,0,0,0,0,0,0,0,0
232,0,2,male,59.0,0,0,13,Mr,0,0,old,1,0,0,0,0,0,0,0,0,0
233,1,3,female,5.0,4,2,31,Miss,0,0,child,1,0,0,0,0,0,0,0,0,0
234,0,2,male,24.0,0,0,10,Mr,0,0,adult,1,0,0,0,0,0,0,0,0,0
235,0,3,female,28.0454478935,0,0,7,Miss,0,0,adult,1,0,0,0,0,0,0,0,0,0
236,0,2,male,44.0,1,0,26,Mr,0,0,mature,1,0,0,0,0,0,0,0,0,0
237,1,2,female,8.0,0,2,26,Miss,0,0,child,1,0,0,0,0,0,0,0,0,0
238,0,2,male,19.0,0,0,10,Mr,0,0,adult,1,0,0,0,0,0,0,0,0,0
239,0,2,male,33.0,0,0,12,Mr,0,0,adult,1,0,0,0,0,0,0,0,0,0
240,0,3,female,20.5421498599,1,0,14,Miss,1,0,adult,1,0,0,0,0,0,0,0,0,0
241,1,3,female,27.7305507631,1,0,15,Miss,0,1,adult,1,0,0,0,0,0,0,0,0,0
242,0,2,male,29.0,0,0,10,Sir,0,0,adult,1,0,0,0,0,0,0,0,0,0
243,0,3,male,22.0,0,0,7,Mr,0,0,adult,1,0,0,0,0,0,0,0,0,0
244,0,3,male,30.0,0,0,7,Mr,1,0,adult,1,0,0,0,0,0,0,0,0,0
245,0,1,male,44.0,2,0,90,NaN,0,1,mature,0,1,0,0,0,0,0,0,0,1
246,0,3,female,25.0,0,0,7,Miss,0,0,adult,1,0,0,0,0,0,0,0,0,0
247,1,2,female,24.0,0,2,14,Mrs,0,0,adult,1,0,0,0,0,0,0,0,0,0
248,1,1,male,37.0,1,1,52,Mr,0,0,adult,0,0,0,0,1,0,0,0,0,4
249,0,2,male,54.0,1,0,26,NaN,0,0,mature,1,0,0,0,0,0,0,0,0,0
250,0,3,male,28.0454478935,0,0,7,Mr,0,0,adult,1,0,0,0,0,0,0,0,0,0
251,0,3,female,29.0,1,1,10,Mrs,0,0,adult,0,0,0,1,0,0,0,0,0,3
252,0,1,male,62.0,0,0,26,Mr,0,0,old,0,1,0,0,0,0,0,0,0,1
253,0,3,male,30.0,1,0,16,Mr,0,0,adult,1,0,0,0,0,0,0,0,0,0
254,0,3,female,41.0,0,2,20,Mrs,0,0,mature,1,0,0,0,0,0,0,0,0,0
255,1,3,female,29.0,0,2,15,Mrs,1,0,adult,1,0,0,0,0,0,0,0,0,0
256,1,1,female,34.9649190476,0,0,79,Mrs,1,0,adult,1,0,0,0,0,0,0,0,0,0
257,1,1,female,30.0,0,0,86,Miss,0,0,adult,0,0,0,0,0,0,1,0,0,6
258,1,1,female,35.0,0,0,512,Miss,1,0,adult,1,0,0,0,0,0,0,0,0,0
259,1,2,female,50.0,0,1,26,Mrs,0,0,mature,1,0,0,0,0,0,0,0,0,0
260,0,3,male,31.3433157707,0,0,7,Mr,0,1,adult,1,0,0,0,0,0,0,0,0,0
261,1,3,male,3.0,4,2,31,Master,0,0,child,1,0,0,0,0,0,0,0,0,0
262,0,1,male,52.0,1,1,79,Mr,0,0,mature,0,0,1,0,0,0,0,0,0,2
263,0,1,male,40.0,0,0,0,Mr,0,0,adult,0,0,0,0,0,0,1,0,0,6
264,0,3,female,31.3433157707,0,0,7,Miss,0,1,adult,1,0,0,0,0,0,0,0,0,0
265,0,2,male,36.0,0,0,10,Mr,0,0,adult,1,0,0,0,0,0,0,0,0,0
266,0,3,male,16.0,4,1,39,Mr,0,0,child,1,0,0,0,0,0,0,0,0,0
267,1,3,male,25.0,1,0,7,Mr,0,0,adult,1,0,0,0,0,0,0,0,0,0
268,1,1,female,58.0,0,1,153,Mrs,0,0,old,0,1,0,0,0,0,0,0,0,1
269,1,1,female,35.0,0,0,135,Miss,0,0,adult,0,1,0,0,0,0,0,0,0,1
270,0,1,male,42.1417463051,0,0,31,Mr,0,0,mature,1,0,0,0,0,0,0,0,0,0
271,1,3,male,25.0,0,0,0,Mr,0,0,adult,1,0,0,0,0,0,0,0,0,0
272,1,2,female,41.0,0,1,19,Mrs,0,0,mature,1,0,0,0,0,0,0,0,0,0
273,0,1,male,37.0,0,1,29,Mr,1,0,adult,0,1,0,0,0,0,0,0,0,1
274,1,3,female,31.3433157707,0,0,7,Miss,0,1,adult,1,0,0,0,0,0,0,0,0,0
275,1,1,female,63.0,1,0,77,Miss,0,0,old,0,0,0,0,1,0,0,0,0,4
276,0,3,female,45.0,0,0,7,Miss,0,0,mature,1,0,0,0,0,0,0,0,0,0
277,0,2,male,34.7490896819,0,0,0,Mr,0,0,adult,1,0,0,0,0,0,0,0,0,0
278,0,3,male,7.0,4,1,29,Master,0,1,child,1,0,0,0,0,0,0,0,0,0
279,1,3,female,35.0,1,1,20,Mrs,0,0,adult,1,0,0,0,0,0,0,0,0,0
280,0,3,male,65.0,0,0,7,Mr,0,1,old,1,0,0,0,0,0,0,0,0,0
281,0,3,male,28.0,0,0,7,Mr,0,0,adult,1,0,0,0,0,0,0,0,0,0
282,0,3,male,16.0,0,0,9,Mr,0,0,child,1,0,0,0,0,0,0,0,0,0
283,1,3,male,19.0,0,0,8,Mr,0,0,adult,1,0,0,0,0,0,0,0,0,0
284,0,1,male,48.6592161698,0,0,26,Mr,0,0,mature,0,0,0,0,0,1,0,0,0,5
285,0,3,male,33.0,0,0,8,Mr,1,0,adult,1,0,0,0,0,0,0,0,0,0
286,1,3,male,30.0,0,0,9,Mr,0,0,adult,1,0,0,0,0,0,0,0,0,0
287,0,3,male,22.0,0,0,7,Mr,0,0,adult,1,0,0,0,0,0,0,0,0,0
288,1,2,male,42.0,0,0,13,Mr,0,0,mature,1,0,0,0,0,0,0,0,0,0
289,1,3,female,22.0,0,0,7,Miss,0,1,adult,1,0,0,0,0,0,0,0,0,0
290,1,1,female,26.0,0,0,78,Miss,0,0,adult,1,0,0,0,0,0,0,0,0,0
291,1,1,female,19.0,1,0,91,Mrs,1,0,adult,0,0,0,0,0,0,1,0,0,6
292,0,2,male,36.0,0,0,12,Mr,1,0,adult,0,0,0,0,1,0,0,0,0,4
293,0,3,female,24.0,0,0,8,Miss,0,0,adult,1,0,0,0,0,0,0,0,0,0
294,0,3,male,24.0,0,0,7,Mr,0,0,adult,1,0,0,0,0,0,0,0,0,0
295,0,1,male,38.1294614768,0,0,27,Mr,1,0,adult,1,0,0,0,0,0,0,0,0,0
296,0,3,male,23.5,0,0,7,Mr,1,0,adult,1,0,0,0,0,0,0,0,0,0
297,0,1,female,2.0,1,2,151,Miss,0,0,child,0,1,0,0,0,0,0,0,0,1
298,1,1,male,43.6893322594,0,0,30,Mr,0,0,mature,0,1,0,0,0,0,0,0,0,1
299,1,1,female,50.0,0,1,247,Mrs,1,0,mature,0,0,0,0,0,0,1,0,0,6
300,1,3,female,31.3433157707,0,0,7,Miss,0,1,adult,1,0,0,0,0,0,0,0,0,0
301,1,3,male,23.0570396908,2,0,23,Mr,0,1,adult,1,0,0,0,0,0,0,0,0,0
302,0,3,male,19.0,0,0,0,Mr,0,0,adult,1,0,0,0,0,0,0,0,0,0
303,1,2,female,43.0981514495,0,0,12,Miss,0,1,mature,0,0,1,0,0,0,0,0,0,2
304,0,3,male,28.7049555547,0,0,8,Mr,0,0,adult,1,0,0,0,0,0,0,0,0,0
305,1,1,male,0.92,1,2,151,Master,0,0,child,0,1,0,0,0,0,0,0,0,1
306,1,1,female,28.3595880952,0,0,110,Miss,1,0,adult,1,0,0,0,0,0,0,0,0,0
307,1,1,female,17.0,1,0,108,Mrs,1,0,child,0,1,0,0,0,0,0,0,0,1
308,0,2,male,30.0,1,0,24,Mr,1,0,adult,1,0,0,0,0,0,0,0,0,0
309,1,1,female,30.0,0,0,56,Miss,1,0,adult,0,0,1,0,0,0,0,0,0,2
310,1,1,female,24.0,0,0,83,Miss,1,0,adult,0,1,0,0,0,0,0,0,0,1
311,1,1,female,18.0,2,2,262,Miss,1,0,child,0,0,0,0,0,0,1,0,0,6
312,0,2,female,26.0,1,1,26,Mrs,0,0,adult,1,0,0,0,0,0,0,0,0,0
313,0,3,male,28.0,0,0,7,Mr,0,0,adult,1,0,0,0,0,0,0,0,0,0
314,0,2,male,43.0,1,1,26,Mr,0,0,mature,1,0,0,0,0,0,0,0,0,0
315,1,3,female,26.0,0,0,7,Miss,0,0,adult,1,0,0,0,0,0,0,0,0,0
316,1,2,female,24.0,1,0,26,Mrs,0,0,adult,1,0,0,0,0,0,0,0,0,0
317,0,2,male,54.0,0,0,14,NaN,0,0,mature,1,0,0,0,0,0,0,0,0,0
318,1,1,female,31.0,0,2,164,Miss,0,0,adult,0,1,0,0,0,0,0,0,0,1
319,1,1,female,40.0,1,1,134,Mrs,1,0,adult,0,0,1,0,0,0,0,0,0,2
320,0,3,male,22.0,0,0,7,Mr,0,0,adult,1,0,0,0,0,0,0,0,0,0
321,0,3,male,27.0,0,0,7,Mr,0,0,adult,1,0,0,0,0,0,0,0,0,0
322,1,2,female,30.0,0,0,12,Miss,0,1,adult,1,0,0,0,0,0,0,0,0,0
323,1,2,female,22.0,1,1,29,Mrs,0,0,adult,1,0,0,0,0,0,0,0,0,0
324,0,3,male,10.8111535152,8,2,69,Mr,0,0,child,1,0,0,0,0,0,0,0,0,0
325,1,1,female,36.0,0,0,135,Miss,1,0,adult,0,1,0,0,0,0,0,0,0,1
326,0,3,male,61.0,0,0,6,Mr,0,0,old,1,0,0,0,0,0,0,0,0,0
327,1,2,female,36.0,0,0,13,Mrs,0,0,adult,0,0,0,0,1,0,0,0,0,4
328,1,3,female,31.0,1,1,20,Mrs,0,0,adult,1,0,0,0,0,0,0,0,0,0
329,1,1,female,16.0,0,1,57,Miss,1,0,child,0,0,0,0,0,0,1,0,0,6
330,1,3,female,23.0570396908,2,0,23,Miss,0,1,adult,1,0,0,0,0,0,0,0,0,0
331,0,1,male,45.5,0,0,28,Mr,0,0,mature,0,1,0,0,0,0,0,0,0,1
332,0,1,male,38.0,0,1,153,Mr,0,0,adult,0,1,0,0,0,0,0,0,0,1
333,0,3,male,16.0,2,0,18,Mr,0,0,child,1,0,0,0,0,0,0,0,0,0
334,1,1,female,33.6175865079,1,0,133,Mrs,0,0,adult,1,0,0,0,0,0,0,0,0,0
335,0,3,male,28.0454478935,0,0,7,Mr,0,0,adult,1,0,0,0,0,0,0,0,0,0
336,0,1,male,29.0,1,0,66,Mr,0,0,adult,0,1,0,0,0,0,0,0,0,1
337,1,1,female,41.0,0,0,134,Miss,1,0,mature,0,0,1,0,0,0,0,0,0,2
338,1,3,male,45.0,0,0,8,Mr,0,0,mature,1,0,0,0,0,0,0,0,0,0
339,0,1,male,45.0,0,0,35,Mr,0,0,mature,0,0,0,0,0,0,0,0,1,8
340,1,2,male,2.0,1,1,26,Master,0,0,child,0,0,0,0,0,0,0,1,0,7
341,1,1,female,24.0,3,2,263,Miss,0,0,adult,0,1,0,0,0,0,0,0,0,1
342,0,2,male,28.0,0,0,13,Sir,0,0,adult,1,0,0,0,0,0,0,0,0,0
343,0,2,male,25.0,0,0,13,Mr,0,0,adult,1,0,0,0,0,0,0,0,0,0
344,0,2,male,36.0,0,0,13,Mr,0,0,adult,1,0,0,0,0,0,0,0,0,0
345,1,2,female,24.0,0,0,13,Miss,0,0,adult,0,0,0,0,0,0,0,1,0,7
346,1,2,female,40.0,0,0,13,Miss,0,0,adult,1,0,0,0,0,0,0,0,0,0
347,1,3,female,26.6577666306,1,0,16,Mrs,0,0,adult,1,0,0,0,0,0,0,0,0,0
348,1,3,male,3.0,1,1,15,Master,0,0,child,1,0,0,0,0,0,0,0,0,0
349,0,3,male,42.0,0,0,8,Mr,0,0,mature,1,0,0,0,0,0,0,0,0,0
350,0,3,male,23.0,0,0,9,Mr,0,0,adult,1,0,0,0,0,0,0,0,0,0
351,0,1,male,38.096635119,0,0,35,Mr,0,0,adult,0,1,0,0,0,0,0,0,0,1
352,0,3,male,15.0,1,1,7,Mr,1,0,child,1,0,0,0,0,0,0,0,0,0
353,0,3,male,25.0,1,0,17,Mr,0,0,adult,1,0,0,0,0,0,0,0,0,0
354,0,3,male,27.4215716865,0,0,7,Mr,1,0,adult,1,0,0,0,0,0,0,0,0,0
355,0,3,male,28.0,0,0,9,Mr,0,0,adult,1,0,0,0,0,0,0,0,0,0
356,1,1,female,22.0,0,1,55,Miss,0,0,adult,0,0,1,0,0,0,0,0,0,2
357,0,2,female,38.0,0,0,13,Miss,0,0,adult,1,0,0,0,0,0,0,0,0,0
358,1,3,female,31.3433157707,0,0,7,Miss,0,1,adult,1,0,0,0,0,0,0,0,0,0
359,1,3,female,31.3433157707,0,0,7,Miss,0,1,adult,1,0,0,0,0,0,0,0,0,0
360,0,3,male,40.0,1,4,27,Mr,0,0,adult,1,0,0,0,0,0,0,0,0,0
361,0,2,male,29.0,1,0,27,Mr,1,0,adult,1,0,0,0,0,0,0,0,0,0
362,0,3,female,45.0,0,1,14,Mrs,1,0,mature,1,0,0,0,0,0,0,0,0,0
363,0,3,male,35.0,0,0,7,Mr,0,0,adult,1,0,0,0,0,0,0,0,0,0
364,0,3,male,27.7305507631,1,0,15,Mr,0,1,adult,1,0,0,0,0,0,0,0,0,0
365,0,3,male,30.0,0,0,7,Mr,0,0,adult,1,0,0,0,0,0,0,0,0,0
366,1,1,female,60.0,1,0,75,Mrs,1,0,old,0,0,0,0,1,0,0,0,0,4
367,1,3,female,27.4215716865,0,0,7,Mrs,1,0,adult,1,0,0,0,0,0,0,0,0,0
368,1,3,female,31.3433157707,0,0,7,Miss,0,1,adult,1,0,0,0,0,0,0,0,0,0
369,1,1,female,24.0,0,0,69,Mrs,1,0,adult,0,0,0,0,0,0,1,0,0,6
370,1,1,male,25.0,1,0,55,Mr,1,0,adult,0,0,1,0,0,0,0,0,0,2
371,0,3,male,18.0,1,0,6,Mr,0,0,child,1,0,0,0,0,0,0,0,0,0
372,0,3,male,19.0,0,0,8,Mr,0,0,adult,1,0,0,0,0,0,0,0,0,0
373,0,1,male,22.0,0,0,135,Mr,1,0,adult,1,0,0,0,0,0,0,0,0,0
374,0,3,female,3.0,3,1,21,Miss,0,0,child,1,0,0,0,0,0,0,0,0,0
375,1,1,female,33.8150214286,1,0,82,Mrs,1,0,adult,1,0,0,0,0,0,0,0,0,0
376,1,3,female,22.0,0,0,7,Miss,0,0,adult,1,0,0,0,0,0,0,0,0,0
377,0,1,male,27.0,0,2,211,Mr,1,0,adult,0,1,0,0,0,0,0,0,0,1
378,0,3,male,20.0,0,0,4,Mr,1,0,adult,1,0,0,0,0,0,0,0,0,0
379,0,3,male,19.0,0,0,7,Mr,0,0,adult,1,0,0,0,0,0,0,0,0,0
380,1,1,female,42.0,0,0,227,Miss,1,0,mature,1,0,0,0,0,0,0,0,0,0
381,1,3,female,1.0,0,2,15,Miss,1,0,child,1,0,0,0,0,0,0,0,0,0
382,0,3,male,32.0,0,0,7,Mr,0,0,adult,1,0,0,0,0,0,0,0,0,0
383,1,1,female,35.0,1,0,52,Mrs,0,0,adult,1,0,0,0,0,0,0,0,0,0
384,0,3,male,28.0454478935,0,0,7,Mr,0,0,adult,1,0,0,0,0,0,0,0,0,0
385,0,2,male,18.0,0,0,73,Mr,0,0,child,1,0,0,0,0,0,0,0,0,0
386,0,3,male,1.0,5,2,46,Master,0,0,child,1,0,0,0,0,0,0,0,0,0
387,1,2,female,36.0,0,0,13,Miss,0,0,adult,1,0,0,0,0,0,0,0,0,0
388,0,3,male,31.3433157707,0,0,7,Mr,0,1,adult,1,0,0,0,0,0,0,0,0,0
389,1,2,female,17.0,0,0,12,Miss,1,0,child,1,0,0,0,0,0,0,0,0,0
390,1,1,male,36.0,1,2,120,Mr,0,0,adult,0,0,0,0,0,0,1,0,0,6
391,1,3,male,21.0,0,0,7,Mr,0,0,adult,1,0,0,0,0,0,0,0,0,0
392,0,3,male,28.0,2,0,7,Mr,0,0,adult,1,0,0,0,0,0,0,0,0,0
393,1,1,female,23.0,1,0,113,Miss,1,0,adult,0,0,0,0,1,0,0,0,0,4
394,1,3,female,24.0,0,2,16,Mrs,0,0,adult,0,0,0,1,0,0,0,0,0,3
395,0,3,male,22.0,0,0,7,Mr,0,0,adult,1,0,0,0,0,0,0,0,0,0
396,0,3,female,31.0,0,0,7,Miss,0,0,adult,1,0,0,0,0,0,0,0,0,0
397,0,2,male,46.0,0,0,26,Mr,0,0,mature,1,0,0,0,0,0,0,0,0,0
398,0,2,male,23.0,0,0,10,NaN,0,0,adult,1,0,0,0,0,0,0,0,0,0
399,1,2,female,28.0,0,0,12,Mrs,0,0,adult,1,0,0,0,0,0,0,0,0,0
400,1,3,male,39.0,0,0,7,Mr,0,0,adult,1,0,0,0,0,0,0,0,0,0
401,0,3,male,26.0,0,0,8,Mr,0,0,adult,1,0,0,0,0,0,0,0,0,0
402,0,3,female,21.0,1,0,9,Miss,0,0,adult,1,0,0,0,0,0,0,0,0,0
403,0,3,male,28.0,1,0,15,Mr,0,0,adult,1,0,0,0,0,0,0,0,0,0
404,0,3,female,20.0,0,0,8,Miss,0,0,adult,1,0,0,0,0,0,0,0,0,0
405,0,2,male,34.0,1,0,21,Mr,0,0,adult,1,0,0,0,0,0,0,0,0,0
406,0,3,male,51.0,0,0,7,Mr,0,0,mature,1,0,0,0,0,0,0,0,0,0
407,1,2,male,3.0,1,1,18,Master,0,0,child,1,0,0,0,0,0,0,0,0,0
408,0,3,male,21.0,0,0,7,Mr,0,0,adult,1,0,0,0,0,0,0,0,0,0
409,0,3,female,6.00649795274,3,1,25,Miss,0,0,child,1,0,0,0,0,0,0,0,0,0
410,0,3,male,28.0454478935,0,0,7,Mr,0,0,adult,1,0,0,0,0,0,0,0,0,0
411,0,3,male,21.602361903,0,0,6,Mr,0,1,adult,1,0,0,0,0,0,0,0,0,0
412,1,1,female,33.0,1,0,90,Miss,0,1,adult,0,1,0,0,0,0,0,0,0,1
413,0,2,male,34.7490896819,0,0,0,Mr,0,0,adult,1,0,0,0,0,0,0,0,0,0
414,1,3,male,44.0,0,0,7,Mr,0,0,mature,1,0,0,0,0,0,0,0,0,0
415,0,3,female,28.7049555547,0,0,8,Mrs,0,0,adult,1,0,0,0,0,0,0,0,0,0
416,1,2,female,34.0,1,1,32,Mrs,0,0,adult,1,0,0,0,0,0,0,0,0,0
417,1,2,female,18.0,0,2,13,Miss,0,0,child,1,0,0,0,0,0,0,0,0,0
418,0,2,male,30.0,0,0,13,Mr,0,0,adult,1,0,0,0,0,0,0,0,0,0
419,0,3,female,10.0,0,2,24,Miss,0,0,child,1,0,0,0,0,0,0,0,0,0
420,0,3,male,27.4215716865,0,0,7,Mr,1,0,adult,1,0,0,0,0,0,0,0,0,0
421,0,3,male,21.0,0,0,7,Mr,0,1,adult,1,0,0,0,0,0,0,0,0,0
422,0,3,male,29.0,0,0,7,Mr,0,0,adult,1,0,0,0,0,0,0,0,0,0
423,0,3,female,28.0,1,1,14,Mrs,0,0,adult,1,0,0,0,0,0,0,0,0,0
424,0,3,male,18.0,1,1,20,Mr,0,0,child,1,0,0,0,0,0,0,0,0,0
425,0,3,male,28.0454478935,0,0,7,Mr,0,0,adult,1,0,0,0,0,0,0,0,0,0
426,1,2,female,28.0,1,0,26,Mrs,0,0,adult,1,0,0,0,0,0,0,0,0,0
427,1,2,female,19.0,0,0,26,Mrs,0,0,adult,1,0,0,0,0,0,0,0,0,0
428,0,3,male,31.3433157707,0,0,7,Mr,0,1,adult,1,0,0,0,0,0,0,0,0,0
429,1,3,male,32.0,0,0,8,Mr,0,0,adult,0,0,1,0,0,0,0,0,0,2
430,1,1,male,28.0,0,0,26,Mr,0,0,adult,0,1,0,0,0,0,0,0,0,1
431,1,3,female,26.6577666306,1,0,16,Mrs,0,0,adult,1,0,0,0,0,0,0,0,0,0
432,1,2,female,42.0,1,0,26,Mrs,0,0,mature,1,0,0,0,0,0,0,0,0,0
433,0,3,male,17.0,0,0,7,Mr,0,0,child,1,0,0,0,0,0,0,0,0,0
434,0,1,male,50.0,1,0,55,Mr,0,0,mature,0,0,1,0,0,0,0,0,0,2
435,1,1,female,14.0,1,2,120,Miss,0,0,child,0,0,0,0,0,0,1,0,0,6
436,0,3,female,21.0,2,2,34,Miss,0,0,adult,1,0,0,0,0,0,0,0,0,0
437,1,2,female,24.0,2,3,18,Mrs,0,0,adult,1,0,0,0,0,0,0,0,0,0
438,0,1,male,64.0,1,4,263,Mr,0,0,old,0,1,0,0,0,0,0,0,0,1
439,0,2,male,31.0,0,0,10,Mr,0,0,adult,1,0,0,0,0,0,0,0,0,0
440,1,2,female,45.0,1,1,26,Mrs,0,0,mature,1,0,0,0,0,0,0,0,0,0
441,0,3,male,20.0,0,0,9,Mr,0,0,adult,1,0,0,0,0,0,0,0,0,0
442,0,3,male,25.0,1,0,7,Mr,0,0,adult,1,0,0,0,0,0,0,0,0,0
443,1,2,female,28.0,0,0,13,Miss,0,0,adult,1,0,0,0,0,0,0,0,0,0
444,1,3,male,28.7049555547,0,0,8,Mr,0,0,adult,1,0,0,0,0,0,0,0,0,0
445,1,1,male,4.0,0,2,81,Master,0,0,child,0,0,0,0,0,1,0,0,0,5
446,1,2,female,13.0,0,1,19,Miss,0,0,child,1,0,0,0,0,0,0,0,0,0
447,1,1,male,34.0,0,0,26,Mr,0,0,adult,1,0,0,0,0,0,0,0,0,0
448,1,3,female,5.0,2,1,19,Miss,1,0,child,1,0,0,0,0,0,0,0,0,0
449,1,1,male,52.0,0,0,30,Sir,0,0,mature,0,1,0,0,0,0,0,0,0,1
450,0,2,male,36.0,1,2,27,Mr,0,0,adult,1,0,0,0,0,0,0,0,0,0
451,0,3,male,28.4719992893,1,0,19,Mr,0,0,adult,1,0,0,0,0,0,0,0,0,0
452,0,1,male,30.0,0,0,27,Mr,1,0,adult,0,1,0,0,0,0,0,0,0,1
453,1,1,male,49.0,1,0,89,Mr,1,0,mature,0,1,0,0,0,0,0,0,0,1
454,0,3,male,28.7049555547,0,0,8,Mr,0,0,adult,1,0,0,0,0,0,0,0,0,0
455,1,3,male,29.0,0,0,7,Mr,1,0,adult,1,0,0,0,0,0,0,0,0,0
456,0,1,male,65.0,0,0,26,Mr,0,0,old,0,0,1,0,0,0,0,0,0,2
457,1,1,female,45.3248380966,1,0,51,Mrs,0,0,mature,0,0,0,0,1,0,0,0,0,4
458,1,2,female,50.0,0,0,10,Miss,0,0,mature,1,0,0,0,0,0,0,0,0,0
459,0,3,male,31.3433157707,0,0,7,Mr,0,1,adult,1,0,0,0,0,0,0,0,0,0
460,1,1,male,48.0,0,0,26,Mr,0,0,mature,0,0,1,0,0,0,0,0,0,2
461,0,3,male,34.0,0,0,8,Mr,0,0,adult,1,0,0,0,0,0,0,0,0,0
462,0,1,male,47.0,0,0,38,Mr,0,0,mature,0,0,1,0,0,0,0,0,0,2
463,0,2,male,48.0,0,0,13,Mr,0,0,mature,1,0,0,0,0,0,0,0,0,0
464,0,3,male,28.7049555547,0,0,8,Mr,0,0,adult,1,0,0,0,0,0,0,0,0,0
465,0,3,male,38.0,0,0,7,Mr,0,0,adult,1,0,0,0,0,0,0,0,0,0
466,0,2,male,34.7490896819,0,0,0,Mr,0,0,adult,1,0,0,0,0,0,0,0,0,0
467,0,1,male,56.0,0,0,26,Mr,0,0,mature,1,0,0,0,0,0,0,0,0,0
468,0,3,male,31.3433157707,0,0,7,Mr,0,1,adult,1,0,0,0,0,0,0,0,0,0
469,1,3,female,0.75,2,1,19,Miss,1,0,child,1,0,0,0,0,0,0,0,0,0
470,0,3,male,28.0454478935,0,0,7,Mr,0,0,adult,1,0,0,0,0,0,0,0,0,0
471,0,3,male,38.0,0,0,8,Mr,0,0,adult,1,0,0,0,0,0,0,0,0,0
472,1,2,female,33.0,1,2,27,Mrs,0,0,adult,1,0,0,0,0,0,0,0,0,0
473,1,2,female,23.0,0,0,13,Mrs,1,0,adult,0,0,0,0,1,0,0,0,0,4
474,0,3,female,22.0,0,0,9,Miss,0,0,adult,1,0,0,0,0,0,0,0,0,0
475,0,1,male,44.4652451299,0,0,52,Mr,0,0,mature,0,0,0,0,0,1,0,0,0,5
476,0,2,male,34.0,1,0,21,Mr,0,0,adult,1,0,0,0,0,0,0,0,0,0
477,0,3,male,29.0,1,0,7,Mr,0,0,adult,1,0,0,0,0,0,0,0,0,0
478,0,3,male,22.0,0,0,7,Mr,0,0,adult,1,0,0,0,0,0,0,0,0,0
479,1,3,female,2.0,0,1,12,Miss,0,0,child,1,0,0,0,0,0,0,0,0,0
480,0,3,male,9.0,5,2,46,Master,0,0,child,1,0,0,0,0,0,0,0,0,0
481,0,2,male,34.7490896819,0,0,0,Mr,0,0,adult,1,0,0,0,0,0,0,0,0,0
482,0,3,male,50.0,0,0,8,Mr,0,0,mature,1,0,0,0,0,0,0,0,0,0
483,1,3,female,63.0,0,0,9,Mrs,0,0,old,1,0,0,0,0,0,0,0,0,0
484,1,1,male,25.0,1,0,91,Mr,1,0,adult,0,0,0,0,0,0,1,0,0,6
485,0,3,female,6.00649795274,3,1,25,Miss,0,0,child,1,0,0,0,0,0,0,0,0,0
486,1,1,female,35.0,1,0,90,Mrs,0,0,adult,0,1,0,0,0,0,0,0,0,1
487,0,1,male,58.0,0,0,29,Mr,1,0,old,0,0,0,0,0,0,1,0,0,6
488,0,3,male,30.0,0,0,8,Mr,0,0,adult,1,0,0,0,0,0,0,0,0,0
489,1,3,male,9.0,1,1,15,Master,0,0,child,1,0,0,0,0,0,0,0,0,0
490,0,3,male,28.4719992893,1,0,19,Mr,0,0,adult,1,0,0,0,0,0,0,0,0,0
491,0,3,male,21.0,0,0,7,Mr,0,0,adult,1,0,0,0,0,0,0,0,0,0
492,0,1,male,55.0,0,0,30,Mr,0,0,mature,0,1,0,0,0,0,0,0,0,1
493,0,1,male,71.0,0,0,49,Mr,1,0,old,1,0,0,0,0,0,0,0,0,0
494,0,3,male,21.0,0,0,8,Mr,0,0,adult,1,0,0,0,0,0,0,0,0,0
495,0,3,male,18.1776319983,0,0,14,Mr,1,0,adult,1,0,0,0,0,0,0,0,0,0
496,1,1,female,54.0,1,0,78,Miss,1,0,mature,0,0,0,0,1,0,0,0,0,4
497,0,3,male,23.8193549603,0,0,15,Mr,0,0,adult,1,0,0,0,0,0,0,0,0,0
498,0,1,female,25.0,1,2,151,Mrs,0,0,adult,0,1,0,0,0,0,0,0,0,1
499,0,3,male,24.0,0,0,7,Mr,0,0,adult,1,0,0,0,0,0,0,0,0,0
500,0,3,male,17.0,0,0,8,Mr,0,0,child,1,0,0,0,0,0,0,0,0,0
501,0,3,female,21.0,0,0,7,Miss,0,1,adult,1,0,0,0,0,0,0,0,0,0
502,0,3,female,31.3433157707,0,0,7,Miss,0,1,adult,1,0,0,0,0,0,0,0,0,0
503,0,3,female,37.0,0,0,9,Miss,0,0,adult,1,0,0,0,0,0,0,0,0,0
504,1,1,female,16.0,0,0,86,Miss,0,0,child,0,0,0,0,0,0,1,0,0,6
505,0,1,male,18.0,1,0,108,Mr,1,0,child,0,1,0,0,0,0,0,0,0,1
506,1,2,female,33.0,0,2,26,Mrs,0,0,adult,1,0,0,0,0,0,0,0,0,0
507,1,1,male,48.6592161698,0,0,26,Mr,0,0,mature,1,0,0,0,0,0,0,0,0,0
508,0,3,male,28.0,0,0,22,Mr,0,0,adult,1,0,0,0,0,0,0,0,0,0
509,1,3,male,26.0,0,0,56,Mr,0,0,adult,1,0,0,0,0,0,0,0,0,0
510,1,3,male,29.0,0,0,7,Mr,0,1,adult,1,0,0,0,0,0,0,0,0,0
511,0,3,male,28.7049555547,0,0,8,Mr,0,0,adult,1,0,0,0,0,0,0,0,0,0
512,1,1,male,36.0,0,0,26,Mr,0,0,adult,0,0,1,0,0,0,0,0,0,2
513,1,1,female,54.0,1,0,59,Mrs,1,0,mature,1,0,0,0,0,0,0,0,0,0
514,0,3,male,24.0,0,0,7,Sir,0,0,adult,1,0,0,0,0,0,0,0,0,0
515,0,1,male,47.0,0,0,34,Mr,0,0,mature,0,0,0,0,1,0,0,0,0,4
516,1,2,female,34.0,0,0,10,Mrs,0,0,adult,0,0,0,0,0,0,0,1,0,7
517,0,3,male,30.508280397,0,0,24,Mr,0,1,adult,1,0,0,0,0,0,0,0,0,0
518,1,2,female,36.0,1,0,26,Mrs,0,0,adult,1,0,0,0,0,0,0,0,0,0
519,0,3,male,32.0,0,0,7,Mr,0,0,adult,1,0,0,0,0,0,0,0,0,0
520,1,1,female,30.0,0,0,93,Miss,0,0,adult,0,0,0,0,0,0,1,0,0,6
521,0,3,male,22.0,0,0,7,Mr,0,0,adult,1,0,0,0,0,0,0,0,0,0
522,0,3,male,27.4215716865,0,0,7,Mr,1,0,adult,1,0,0,0,0,0,0,0,0,0
523,1,1,female,44.0,0,1,57,Mrs,1,0,mature,0,0,0,0,0,0,1,0,0,6
524,0,3,male,27.4215716865,0,0,7,Mr,1,0,adult,1,0,0,0,0,0,0,0,0,0
525,0,3,male,40.5,0,0,7,Mr,0,1,mature,1,0,0,0,0,0,0,0,0,0
526,1,2,female,50.0,0,0,10,Miss,0,0,mature,1,0,0,0,0,0,0,0,0,0
527,0,1,male,33.7399642857,0,0,221,Mr,0,0,adult,0,1,0,0,0,0,0,0,0,1
528,0,3,male,39.0,0,0,7,Mr,0,0,adult,1,0,0,0,0,0,0,0,0,0
529,0,2,male,23.0,2,1,11,Mr,0,0,adult,1,0,0,0,0,0,0,0,0,0
530,1,2,female,2.0,1,1,26,Miss,0,0,child,1,0,0,0,0,0,0,0,0,0
531,0,3,male,27.4215716865,0,0,7,Mr,1,0,adult,1,0,0,0,0,0,0,0,0,0
532,0,3,male,17.0,1,1,7,Mr,1,0,child,1,0,0,0,0,0,0,0,0,0
533,1,3,female,11.2599330754,0,2,22,Mrs,1,0,child,1,0,0,0,0,0,0,0,0,0
534,0,3,female,30.0,0,0,8,Miss,0,0,adult,1,0,0,0,0,0,0,0,0,0
535,1,2,female,7.0,0,2,26,Miss,0,0,child,1,0,0,0,0,0,0,0,0,0
536,0,1,male,45.0,0,0,26,Sir,0,0,mature,0,0,0,0,0,0,1,0,0,6
537,1,1,female,30.0,0,0,106,Miss,1,0,adult,1,0,0,0,0,0,0,0,0,0
538,0,3,male,24.3122698613,0,0,14,Mr,0,0,adult,1,0,0,0,0,0,0,0,0,0
539,1,1,female,22.0,0,2,49,Miss,1,0,adult,0,0,0,0,0,0,1,0,0,6
540,1,1,female,36.0,0,2,71,Miss,0,0,adult,0,0,0,0,0,0,1,0,0,6
541,0,3,female,9.0,4,2,31,Miss,0,0,child,1,0,0,0,0,0,0,0,0,0
542,0,3,female,11.0,4,2,31,Miss,0,0,child,1,0,0,0,0,0,0,0,0,0
543,1,2,male,32.0,1,0,26,Mr,0,0,adult,1,0,0,0,0,0,0,0,0,0
544,0,1,male,50.0,1,0,106,Sir,1,0,mature,0,1,0,0,0,0,0,0,0,1
545,0,1,male,64.0,0,0,26,Mr,0,0,old,1,0,0,0,0,0,0,0,0,0
546,1,2,female,19.0,1,0,26,Mrs,0,0,adult,1,0,0,0,0,0,0,0,0,0
547,1,2,male,24.2042888613,0,0,13,Mr,1,0,adult,1,0,0,0,0,0,0,0,0,0
548,0,3,male,33.0,1,1,20,Mr,0,0,adult,1,0,0,0,0,0,0,0,0,0
549,1,2,male,8.0,1,1,36,Master,0,0,child,1,0,0,0,0,0,0,0,0,0
550,1,1,male,17.0,0,2,110,Mr,1,0,child,0,1,0,0,0,0,0,0,0,1
551,0,2,male,27.0,0,0,26,Mr,0,0,adult,1,0,0,0,0,0,0,0,0,0
552,0,3,male,31.3433157707,0,0,7,Mr,0,1,adult,1,0,0,0,0,0,0,0,0,0
553,1,3,male,22.0,0,0,7,Mr,1,0,adult,1,0,0,0,0,0,0,0,0,0
554,1,3,female,22.0,0,0,7,Miss,0,0,adult,1,0,0,0,0,0,0,0,0,0
555,0,1,male,62.0,0,0,26,Mr,0,0,old,1,0,0,0,0,0,0,0,0,0
556,1,1,female,48.0,1,0,39,Mrs,1,0,mature,0,0,0,0,0,1,0,0,0,5
557,0,1,male,39.1381079365,0,0,227,Mr,1,0,adult,1,0,0,0,0,0,0,0,0,0
558,1,1,female,39.0,1,1,79,Mrs,0,0,adult,0,0,1,0,0,0,0,0,0,2
559,1,3,female,36.0,1,0,17,Mrs,0,0,adult,1,0,0,0,0,0,0,0,0,0
560,0,3,male,31.3433157707,0,0,7,Mr,0,1,adult,1,0,0,0,0,0,0,0,0,0
561,0,3,male,40.0,0,0,7,Mr,0,0,adult,1,0,0,0,0,0,0,0,0,0
562,0,2,male,28.0,0,0,13,Mr,0,0,adult,1,0,0,0,0,0,0,0,0,0
563,0,3,male,28.7049555547,0,0,8,Mr,0,0,adult,1,0,0,0,0,0,0,0,0,0
564,0,3,female,28.7049555547,0,0,8,Miss,0,0,adult,1,0,0,0,0,0,0,0,0,0
565,0,3,male,24.0,2,0,24,Mr,0,0,adult,1,0,0,0,0,0,0,0,0,0
566,0,3,male,19.0,0,0,7,Mr,0,0,adult,1,0,0,0,0,0,0,0,0,0
567,0,3,female,29.0,0,4,21,Mrs,0,0,adult,1,0,0,0,0,0,0,0,0,0
568,0,3,male,27.4215716865,0,0,7,Mr,1,0,adult,1,0,0,0,0,0,0,0,0,0
569,1,3,male,32.0,0,0,7,Mr,0,0,adult,1,0,0,0,0,0,0,0,0,0
570,1,2,male,62.0,0,0,10,Mr,0,0,old,1,0,0,0,0,0,0,0,0,0
571,1,1,female,53.0,2,0,51,Mrs,0,0,mature,0,1,0,0,0,0,0,0,0,1
572,1,1,male,36.0,0,0,26,Mr,0,0,adult,0,0,1,0,0,0,0,0,0,2
573,1,3,female,31.3433157707,0,0,7,Miss,0,1,adult,1,0,0,0,0,0,0,0,0,0
574,0,3,male,16.0,0,0,8,Mr,0,0,child,1,0,0,0,0,0,0,0,0,0
575,0,3,male,19.0,0,0,14,Mr,0,0,adult,1,0,0,0,0,0,0,0,0,0
576,1,2,female,34.0,0,0,13,Miss,0,0,adult,1,0,0,0,0,0,0,0,0,0
577,1,1,female,39.0,1,0,55,Mrs,0,0,adult,0,0,1,0,0,0,0,0,0,2
578,0,3,female,20.5421498599,1,0,14,Mrs,1,0,adult,1,0,0,0,0,0,0,0,0,0
579,1,3,male,32.0,0,0,7,Mr,0,0,adult,1,0,0,0,0,0,0,0,0,0
580,1,2,female,25.0,1,1,30,Miss,0,0,adult,1,0,0,0,0,0,0,0,0,0
581,1,1,female,39.0,1,1,110,Mrs,1,0,adult,0,1,0,0,0,0,0,0,0,1
582,0,2,male,54.0,0,0,26,Mr,0,0,mature,1,0,0,0,0,0,0,0,0,0
583,0,1,male,36.0,0,0,40,Mr,1,0,adult,0,0,0,0,0,1,0,0,0,5
584,0,3,male,30.4257288008,0,0,8,Mr,1,0,adult,1,0,0,0,0,0,0,0,0,0
585,1,1,female,18.0,0,2,79,Miss,0,0,child,0,0,1,0,0,0,0,0,0,2
586,0,2,male,47.0,0,0,15,Mr,0,0,mature,1,0,0,0,0,0,0,0,0,0
587,1,1,male,60.0,1,1,79,Mr,1,0,old,0,0,0,0,0,0,1,0,0,6
588,0,3,male,22.0,0,0,8,Mr,0,0,adult,1,0,0,0,0,0,0,0,0,0
589,0,3,male,28.7049555547,0,0,8,Mr,0,0,adult,1,0,0,0,0,0,0,0,0,0
590,0,3,male,35.0,0,0,7,Mr,0,0,adult,1,0,0,0,0,0,0,0,0,0
591,1,1,female,52.0,1,0,78,Mrs,1,0,mature,0,0,0,0,1,0,0,0,0,4
592,0,3,male,47.0,0,0,7,Mr,0,0,mature,1,0,0,0,0,0,0,0,0,0
593,0,3,female,31.8829382986,0,2,7,Miss,0,1,adult,1,0,0,0,0,0,0,0,0,0
594,0,2,male,37.0,1,0,26,Mr,0,0,adult,1,0,0,0,0,0,0,0,0,0
595,0,3,male,36.0,1,1,24,Mr,0,0,adult,1,0,0,0,0,0,0,0,0,0
596,1,2,female,30.4783842678,0,0,33,Miss,0,0,adult,1,0,0,0,0,0,0,0,0,0
597,0,3,male,49.0,0,0,0,Mr,0,0,mature,1,0,0,0,0,0,0,0,0,0
598,0,3,male,27.4215716865,0,0,7,Mr,1,0,adult,1,0,0,0,0,0,0,0,0,0
599,1,1,male,49.0,1,0,56,Sir,1,0,mature,0,0,0,0,0,1,0,0,0,5
600,1,2,female,24.0,2,1,27,Mrs,0,0,adult,1,0,0,0,0,0,0,0,0,0
601,0,3,male,28.0454478935,0,0,7,Mr,0,0,adult,1,0,0,0,0,0,0,0,0,0
602,0,1,male,36.1061083333,0,0,42,Mr,0,0,adult,1,0,0,0,0,0,0,0,0,0
603,0,3,male,44.0,0,0,8,Mr,0,0,mature,1,0,0,0,0,0,0,0,0,0
604,1,1,male,35.0,0,0,26,Mr,1,0,adult,1,0,0,0,0,0,0,0,0,0
605,0,3,male,36.0,1,0,15,Mr,0,0,adult,1,0,0,0,0,0,0,0,0,0
606,0,3,male,30.0,0,0,7,Mr,0,0,adult,1,0,0,0,0,0,0,0,0,0
607,1,1,male,27.0,0,0,30,Mr,0,0,adult,1,0,0,0,0,0,0,0,0,0
608,1,2,female,22.0,1,2,41,Mrs,1,0,adult,1,0,0,0,0,0,0,0,0,0
609,1,1,female,40.0,0,0,153,Miss,0,0,adult,0,1,0,0,0,0,0,0,0,1
610,0,3,female,39.0,1,5,31,Mrs,0,0,adult,1,0,0,0,0,0,0,0,0,0
611,0,3,male,28.0454478935,0,0,7,Mr,0,0,adult,1,0,0,0,0,0,0,0,0,0
612,1,3,female,27.7305507631,1,0,15,Miss,0,1,adult,1,0,0,0,0,0,0,0,0,0
613,0,3,male,31.3433157707,0,0,7,Mr,0,1,adult,1,0,0,0,0,0,0,0,0,0
614,0,3,male,35.0,0,0,8,Mr,0,0,adult,1,0,0,0,0,0,0,0,0,0
615,1,2,female,24.0,1,2,65,Miss,0,0,adult,1,0,0,0,0,0,0,0,0,0
616,0,3,male,34.0,1,1,14,Mr,0,0,adult,1,0,0,0,0,0,0,0,0,0
617,0,3,female,26.0,1,0,16,Mrs,0,0,adult,1,0,0,0,0,0,0,0,0,0
618,1,2,female,4.0,2,1,39,Miss,0,0,child,0,0,0,0,0,0,0,1,0,7
619,0,2,male,26.0,0,0,10,Mr,0,0,adult,1,0,0,0,0,0,0,0,0,0
620,0,3,male,27.0,1,0,14,Mr,1,0,adult,1,0,0,0,0,0,0,0,0,0
621,1,1,male,42.0,1,0,52,Mr,0,0,mature,0,0,0,0,1,0,0,0,0,4
622,1,3,male,20.0,1,1,15,Mr,1,0,adult,1,0,0,0,0,0,0,0,0,0
623,0,3,male,21.0,0,0,7,Mr,0,0,adult,1,0,0,0,0,0,0,0,0,0
624,0,3,male,21.0,0,0,16,Mr,0,0,adult,1,0,0,0,0,0,0,0,0,0
625,0,1,male,61.0,0,0,32,Mr,0,0,old,0,0,0,0,1,0,0,0,0,4
626,0,2,male,57.0,0,0,12,NaN,0,1,mature,1,0,0,0,0,0,0,0,0,0
627,1,1,female,21.0,0,0,77,Miss,0,0,adult,0,0,0,0,1,0,0,0,0,4
628,0,3,male,26.0,0,0,7,Mr,0,0,adult,1,0,0,0,0,0,0,0,0,0
629,0,3,male,31.3433157707,0,0,7,Mr,0,1,adult,1,0,0,0,0,0,0,0,0,0
630,1,1,male,80.0,0,0,30,Mr,0,0,old,0,0,0,0,0,1,0,0,0,5
631,0,3,male,51.0,0,0,7,Mr,0,0,mature,1,0,0,0,0,0,0,0,0,0
632,1,1,male,32.0,0,0,30,NaN,1,0,adult,0,0,0,0,0,0,1,0,0,6
633,0,1,male,38.9897318376,0,0,0,Mr,0,0,adult,1,0,0,0,0,0,0,0,0,0
634,0,3,female,9.0,3,2,27,Miss,0,0,child,1,0,0,0,0,0,0,0,0,0
635,1,2,female,28.0,0,0,13,Miss,0,0,adult,1,0,0,0,0,0,0,0,0,0
636,0,3,male,32.0,0,0,7,Mr,0,0,adult,1,0,0,0,0,0,0,0,0,0
637,0,2,male,31.0,1,1,26,Sir,0,0,adult,1,0,0,0,0,0,0,0,0,0
638,0,3,female,41.0,0,5,39,Mrs,0,0,mature,1,0,0,0,0,0,0,0,0,0
639,0,3,male,26.6577666306,1,0,16,Mr,0,0,adult,1,0,0,0,0,0,0,0,0,0
640,0,3,male,20.0,0,0,7,Mr,0,0,adult,1,0,0,0,0,0,0,0,0,0
641,1,1,female,24.0,0,0,69,Miss,1,0,adult,0,0,0,0,0,0,1,0,0,6
642,0,3,female,2.0,3,2,27,Miss,0,0,child,1,0,0,0,0,0,0,0,0,0
643,1,3,male,29.5568551227,0,0,56,Mr,0,0,adult,1,0,0,0,0,0,0,0,0,0
644,1,3,female,0.75,2,1,19,Miss,1,0,child,1,0,0,0,0,0,0,0,0,0
645,1,1,male,48.0,1,0,76,Mr,1,0,mature,0,0,0,0,1,0,0,0,0,4
646,0,3,male,19.0,0,0,7,Mr,0,0,adult,1,0,0,0,0,0,0,0,0,0
647,1,1,male,56.0,0,0,35,Sir,1,0,mature,0,0,0,0,0,1,0,0,0,5
648,0,3,male,28.0454478935,0,0,7,Mr,0,0,adult,1,0,0,0,0,0,0,0,0,0
649,1,3,female,23.0,0,0,7,Miss,0,0,adult,1,0,0,0,0,0,0,0,0,0
650,0,3,male,28.0454478935,0,0,7,Mr,0,0,adult,1,0,0,0,0,0,0,0,0,0
651,1,2,female,18.0,0,1,23,Miss,0,0,child,1,0,0,0,0,0,0,0,0,0
652,0,3,male,21.0,0,0,8,Mr,0,0,adult,1,0,0,0,0,0,0,0,0,0
653,1,3,female,31.3433157707,0,0,7,Miss,0,1,adult,1,0,0,0,0,0,0,0,0,0
654,0,3,female,18.0,0,0,6,Miss,0,1,child,1,0,0,0,0,0,0,0,0,0
655,0,2,male,24.0,2,0,73,Mr,0,0,adult,1,0,0,0,0,0,0,0,0,0
656,0,3,male,28.0454478935,0,0,7,Mr,0,0,adult,1,0,0,0,0,0,0,0,0,0
657,0,3,female,32.0,1,1,15,Mrs,0,1,adult,1,0,0,0,0,0,0,0,0,0
658,0,2,male,23.0,0,0,13,Mr,0,0,adult,1,0,0,0,0,0,0,0,0,0
659,0,1,male,58.0,0,2,113,Mr,1,0,old,0,0,0,0,1,0,0,0,0,4
660,1,1,male,50.0,2,0,133,NaN,0,0,mature,1,0,0,0,0,0,0,0,0,0
661,0,3,male,40.0,0,0,7,Mr,1,0,adult,1,0,0,0,0,0,0,0,0,0
662,0,1,male,47.0,0,0,25,Sir,0,0,mature,0,0,1,0,0,0,0,0,0,2
663,0,3,male,36.0,0,0,7,Sir,0,0,adult,1,0,0,0,0,0,0,0,0,0
664,1,3,male,20.0,1,0,7,Mr,0,0,adult,1,0,0,0,0,0,0,0,0,0
665,0,2,male,32.0,2,0,73,Mr,0,0,adult,1,0,0,0,0,0,0,0,0,0
666,0,2,male,25.0,0,0,13,Mr,0,0,adult,1,0,0,0,0,0,0,0,0,0
667,0,3,male,28.0454478935,0,0,7,Mr,0,0,adult,1,0,0,0,0,0,0,0,0,0
668,0,3,male,43.0,0,0,8,Mr,0,0,mature,1,0,0,0,0,0,0,0,0,0
669,1,1,female,39.5912296676,1,0,52,Mrs,0,0,adult,0,1,0,0,0,0,0,0,0,1
670,1,2,female,40.0,1,1,39,Mrs,0,0,adult,1,0,0,0,0,0,0,0,0,0
671,0,1,male,31.0,1,0,52,Mr,0,0,adult,0,0,0,0,0,0,1,0,0,6
672,0,2,male,70.0,0,0,10,Mr,0,0,old,1,0,0,0,0,0,0,0,0,0
673,1,2,male,31.0,0,0,13,Mr,0,0,adult,1,0,0,0,0,0,0,0,0,0
674,0,2,male,34.7490896819,0,0,0,Mr,0,0,adult,1,0,0,0,0,0,0,0,0,0
675,0,3,male,18.0,0,0,7,Mr,0,0,child,1,0,0,0,0,0,0,0,0,0
676,0,3,male,24.5,0,0,8,Mr,0,0,adult,1,0,0,0,0,0,0,0,0,0
677,1,3,female,18.0,0,0,9,Miss,0,0,child,1,0,0,0,0,0,0,0,0,0
678,0,3,female,43.0,1,6,46,Mrs,0,0,mature,1,0,0,0,0,0,0,0,0,0
679,1,1,male,36.0,0,1,512,Mr,1,0,adult,0,0,0,0,0,0,1,0,0,6
680,0,3,female,20.5348532076,0,0,8,Miss,0,1,adult,1,0,0,0,0,0,0,0,0,0
681,1,1,male,27.0,0,0,76,Mr,1,0,adult,0,0,0,0,1,0,0,0,0,4
682,0,3,male,20.0,0,0,9,Mr,0,0,adult,1,0,0,0,0,0,0,0,0,0
683,0,3,male,14.0,5,2,46,Mr,0,0,child,1,0,0,0,0,0,0,0,0,0
684,0,2,male,60.0,1,1,39,Mr,0,0,old,1,0,0,0,0,0,0,0,0,0
685,0,2,male,25.0,1,2,41,Mr,1,0,adult,1,0,0,0,0,0,0,0,0,0
686,0,3,male,14.0,4,1,39,Mr,0,0,child,1,0,0,0,0,0,0,0,0,0
687,0,3,male,19.0,0,0,10,Mr,0,0,adult,1,0,0,0,0,0,0,0,0,0
688,0,3,male,18.0,0,0,7,Mr,0,0,child,1,0,0,0,0,0,0,0,0,0
689,1,1,female,15.0,0,1,211,Miss,0,0,child,0,0,0,0,0,0,1,0,0,6
690,1,1,male,31.0,1,0,57,Mr,0,0,adult,0,0,0,0,0,0,1,0,0,6
691,1,3,female,4.0,0,1,13,Miss,1,0,child,1,0,0,0,0,0,0,0,0,0
692,1,3,male,29.5568551227,0,0,56,Mr,0,0,adult,1,0,0,0,0,0,0,0,0,0
693,0,3,male,25.0,0,0,7,Mr,1,0,adult,1,0,0,0,0,0,0,0,0,0
694,0,1,male,60.0,0,0,26,Sir,0,0,old,1,0,0,0,0,0,0,0,0,0
695,0,2,male,52.0,0,0,13,Mr,0,0,mature,1,0,0,0,0,0,0,0,0,0
696,0,3,male,44.0,0,0,8,Mr,0,0,mature,1,0,0,0,0,0,0,0,0,0
697,1,3,female,31.3433157707,0,0,7,Miss,0,1,adult,1,0,0,0,0,0,0,0,0,0
698,0,1,male,49.0,1,1,110,Mr,1,0,mature,0,1,0,0,0,0,0,0,0,1
699,0,3,male,42.0,0,0,7,Mr,0,0,mature,0,0,0,0,0,0,0,1,0,7
700,1,1,female,18.0,1,0,227,Mrs,1,0,child,0,1,0,0,0,0,0,0,0,1
701,1,1,male,35.0,0,0,26,Mr,0,0,adult,0,0,1,0,0,0,0,0,0,2
702,0,3,female,18.0,0,1,14,Miss,1,0,child,1,0,0,0,0,0,0,0,0,0
703,0,3,male,25.0,0,0,7,Mr,0,1,adult,1,0,0,0,0,0,0,0,0,0
704,0,3,male,26.0,1,0,7,Mr,0,0,adult,1,0,0,0,0,0,0,0,0,0
705,0,2,male,39.0,0,0,26,Mr,0,0,adult,1,0,0,0,0,0,0,0,0,0
706,1,2,female,45.0,0,0,13,Mrs,0,0,mature,1,0,0,0,0,0,0,0,0,0
707,1,1,male,42.0,0,0,26,Mr,0,0,mature,0,0,1,0,0,0,0,0,0,2
708,1,1,female,22.0,0,0,151,Miss,0,0,adult,1,0,0,0,0,0,0,0,0,0
709,1,3,male,14.2590790476,1,1,15,Master,1,0,child,1,0,0,0,0,0,0,0,0,0
710,1,1,female,24.0,0,0,49,Mrs,1,0,adult,0,1,0,0,0,0,0,0,0,1
711,0,1,male,48.6592161698,0,0,26,Mr,0,0,mature,0,1,0,0,0,0,0,0,0,1
712,1,1,male,48.0,1,0,52,Mr,0,0,mature,0,1,0,0,0,0,0,0,0,1
713,0,3,male,29.0,0,0,9,Mr,0,0,adult,1,0,0,0,0,0,0,0,0,0
714,0,2,male,52.0,0,0,13,Mr,0,0,mature,1,0,0,0,0,0,0,0,0,0
715,0,3,male,19.0,0,0,7,Mr,0,0,adult,0,0,0,0,0,0,0,1,0,7
716,1,1,female,38.0,0,0,227,Miss,1,0,adult,0,1,0,0,0,0,0,0,0,1
717,1,2,female,27.0,0,0,10,Miss,0,0,adult,0,0,1,0,0,0,0,0,0,2
718,0,3,male,23.3799777049,0,0,15,Mr,0,1,adult,1,0,0,0,0,0,0,0,0,0
719,0,3,male,33.0,0,0,7,Mr,0,0,adult,1,0,0,0,0,0,0,0,0,0
720,1,2,female,6.0,0,1,33,Miss,0,0,child,1,0,0,0,0,0,0,0,0,0
721,0,3,male,17.0,1,0,7,Mr,0,0,child,1,0,0,0,0,0,0,0,0,0
722,0,2,male,34.0,0,0,13,Mr,0,0,adult,1,0,0,0,0,0,0,0,0,0
723,0,2,male,50.0,0,0,13,Mr,0,0,mature,1,0,0,0,0,0,0,0,0,0
724,1,1,male,27.0,1,0,53,Mr,0,0,adult,0,0,1,0,0,0,0,0,0,2
725,0,3,male,20.0,0,0,8,Mr,0,0,adult,1,0,0,0,0,0,0,0,0,0
726,1,2,female,30.0,3,0,21,Mrs,0,0,adult,1,0,0,0,0,0,0,0,0,0
727,1,3,female,31.3433157707,0,0,7,Miss,0,1,adult,1,0,0,0,0,0,0,0,0,0
728,0,2,male,25.0,1,0,26,Mr,0,0,adult,1,0,0,0,0,0,0,0,0,0
729,0,3,female,25.0,1,0,7,Miss,0,0,adult,1,0,0,0,0,0,0,0,0,0
730,1,1,female,29.0,0,0,211,Miss,0,0,adult,0,0,0,0,0,0,1,0,0,6
731,0,3,male,11.0,0,0,18,Mr,1,0,child,1,0,0,0,0,0,0,0,0,0
732,0,2,male,34.7490896819,0,0,0,Mr,0,0,adult,1,0,0,0,0,0,0,0,0,0
733,0,2,male,23.0,0,0,13,Mr,0,0,adult,1,0,0,0,0,0,0,0,0,0
734,0,2,male,23.0,0,0,13,Mr,0,0,adult,1,0,0,0,0,0,0,0,0,0
735,0,3,male,28.5,0,0,16,Mr,0,0,adult,1,0,0,0,0,0,0,0,0,0
736,0,3,female,48.0,1,3,34,Mrs,0,0,mature,1,0,0,0,0,0,0,0,0,0
737,1,1,male,35.0,0,0,512,Mr,1,0,adult,0,0,0,0,0,0,1,0,0,6
738,0,3,male,28.0454478935,0,0,7,Mr,0,0,adult,1,0,0,0,0,0,0,0,0,0
739,0,3,male,28.0454478935,0,0,7,Mr,0,0,adult,1,0,0,0,0,0,0,0,0,0
740,1,1,male,43.6893322594,0,0,30,Mr,0,0,mature,0,0,0,0,1,0,0,0,0,4
741,0,1,male,36.0,1,0,78,Mr,0,0,adult,0,1,0,0,0,0,0,0,0,1
742,1,1,female,21.0,2,2,262,Miss,1,0,adult,0,0,0,0,0,0,1,0,0,6
743,0,3,male,24.0,1,0,16,Mr,0,0,adult,1,0,0,0,0,0,0,0,0,0
744,1,3,male,31.0,0,0,7,Mr,0,0,adult,1,0,0,0,0,0,0,0,0,0
745,0,1,male,70.0,1,1,71,Sir,0,0,old,0,0,0,0,0,0,1,0,0,6
746,0,3,male,16.0,1,1,20,Mr,0,0,child,1,0,0,0,0,0,0,0,0,0
747,1,2,female,30.0,0,0,13,Miss,0,0,adult,1,0,0,0,0,0,0,0,0,0
748,0,1,male,19.0,1,0,53,Mr,0,0,adult,0,0,0,0,1,0,0,0,0,4
749,0,3,male,31.0,0,0,7,Mr,0,1,adult,1,0,0,0,0,0,0,0,0,0
750,1,2,female,4.0,1,1,23,Miss,0,0,child,1,0,0,0,0,0,0,0,0,0
751,1,3,male,6.0,0,1,12,Master,0,0,child,0,0,1,0,0,0,0,0,0,2
752,0,3,male,33.0,0,0,9,Mr,0,0,adult,1,0,0,0,0,0,0,0,0,0
753,0,3,male,23.0,0,0,7,Mr,0,0,adult,1,0,0,0,0,0,0,0,0,0
754,1,2,female,48.0,1,2,65,Mrs,0,0,mature,1,0,0,0,0,0,0,0,0,0
755,1,2,male,0.67,1,1,14,Master,0,0,child,1,0,0,0,0,0,0,0,0,0
756,0,3,male,28.0,0,0,7,Mr,0,0,adult,1,0,0,0,0,0,0,0,0,0
757,0,2,male,18.0,0,0,11,Mr,0,0,child,1,0,0,0,0,0,0,0,0,0
758,0,3,male,34.0,0,0,8,Mr,0,0,adult,1,0,0,0,0,0,0,0,0,0
759,1,1,female,33.0,0,0,86,Lady,0,0,adult,0,0,0,0,0,0,1,0,0,6
760,0,3,male,24.3122698613,0,0,14,Mr,0,0,adult,1,0,0,0,0,0,0,0,0,0
761,0,3,male,41.0,0,0,7,Mr,0,0,mature,1,0,0,0,0,0,0,0,0,0
762,1,3,male,20.0,0,0,7,Mr,1,0,adult,1,0,0,0,0,0,0,0,0,0
763,1,1,female,36.0,1,2,120,Mrs,0,0,adult,0,0,0,0,0,0,1,0,0,6
764,0,3,male,16.0,0,0,7,Mr,0,0,child,1,0,0,0,0,0,0,0,0,0
765,1,1,female,51.0,1,0,77,Mrs,0,0,mature,0,0,0,0,1,0,0,0,0,4
766,0,1,male,42.4366482143,0,0,39,NaN,1,0,mature,1,0,0,0,0,0,0,0,0,0
767,0,3,female,30.5,0,0,7,Miss,0,1,adult,1,0,0,0,0,0,0,0,0,0
768,0,3,male,29.7095606866,1,0,24,Mr,0,1,adult,1,0,0,0,0,0,0,0,0,0
769,0,3,male,32.0,0,0,8,Mr,0,0,adult,1,0,0,0,0,0,0,0,0,0
770,0,3,male,24.0,0,0,9,Mr,0,0,adult,1,0,0,0,0,0,0,0,0,0
771,0,3,male,48.0,0,0,7,Mr,0,0,mature,1,0,0,0,0,0,0,0,0,0
772,0,2,female,57.0,0,0,10,Mrs,0,0,mature,0,0,1,0,0,0,0,0,0,2
773,0,3,male,27.4215716865,0,0,7,Mr,1,0,adult,1,0,0,0,0,0,0,0,0,0
774,1,2,female,54.0,1,3,23,Mrs,0,0,mature,1,0,0,0,0,0,0,0,0,0
775,0,3,male,18.0,0,0,7,Mr,0,0,child,1,0,0,0,0,0,0,0,0,0
776,0,3,male,31.3433157707,0,0,7,Mr,0,1,adult,0,0,0,0,0,0,0,1,0,7
777,1,3,female,5.0,0,0,12,Miss,0,0,child,1,0,0,0,0,0,0,0,0,0
778,0,3,male,31.3433157707,0,0,7,Mr,0,1,adult,1,0,0,0,0,0,0,0,0,0
779,1,1,female,43.0,0,1,211,Mrs,0,0,mature,0,0,0,0,0,0,1,0,0,6
780,1,3,female,13.0,0,0,7,Miss,1,0,child,1,0,0,0,0,0,0,0,0,0
781,1,1,female,17.0,1,0,57,Mrs,0,0,child,0,0,0,0,0,0,1,0,0,6
782,0,1,male,29.0,0,0,30,Mr,0,0,adult,0,0,0,0,1,0,0,0,0,4
783,0,3,male,13.3631920635,1,2,23,Mr,0,0,child,1,0,0,0,0,0,0,0,0,0
784,0,3,male,25.0,0,0,7,Mr,0,0,adult,1,0,0,0,0,0,0,0,0,0
785,0,3,male,25.0,0,0,7,Mr,0,0,adult,1,0,0,0,0,0,0,0,0,0
786,1,3,female,18.0,0,0,7,Miss,0,0,child,1,0,0,0,0,0,0,0,0,0
787,0,3,male,8.0,4,1,29,Master,0,1,child,1,0,0,0,0,0,0,0,0,0
788,1,3,male,1.0,1,2,20,Master,0,0,child,1,0,0,0,0,0,0,0,0,0
789,0,1,male,46.0,0,0,79,Mr,1,0,mature,0,0,0,0,0,0,1,0,0,6
790,0,3,male,31.3433157707,0,0,7,Mr,0,1,adult,1,0,0,0,0,0,0,0,0,0
791,0,2,male,16.0,0,0,26,Mr,0,0,child,1,0,0,0,0,0,0,0,0,0
792,0,3,female,10.8111535152,8,2,69,Miss,0,0,child,1,0,0,0,0,0,0,0,0,0
793,0,1,male,38.0791910534,0,0,30,Mr,1,0,adult,1,0,0,0,0,0,0,0,0,0
794,0,3,male,25.0,0,0,7,Mr,0,0,adult,1,0,0,0,0,0,0,0,0,0
795,0,2,male,39.0,0,0,13,Mr,0,0,adult,1,0,0,0,0,0,0,0,0,0
796,1,1,female,49.0,0,0,25,NaN,0,0,mature,0,0,0,0,1,0,0,0,0,4
797,1,3,female,31.0,0,0,8,Mrs,0,0,adult,1,0,0,0,0,0,0,0,0,0
798,0,3,male,30.0,0,0,7,Mr,1,0,adult,1,0,0,0,0,0,0,0,0,0
799,0,3,female,30.0,1,1,24,Mrs,0,0,adult,1,0,0,0,0,0,0,0,0,0
800,0,2,male,34.0,0,0,13,Mr,0,0,adult,1,0,0,0,0,0,0,0,0,0
801,1,2,female,31.0,1,1,26,Mrs,0,0,adult,1,0,0,0,0,0,0,0,0,0
802,1,1,male,11.0,1,2,120,Master,0,0,child,0,0,0,0,0,0,1,0,0,6
803,1,3,male,0.42,0,1,8,Master,1,0,child,1,0,0,0,0,0,0,0,0,0
804,1,3,male,27.0,0,0,6,Mr,0,0,adult,1,0,0,0,0,0,0,0,0,0
805,0,3,male,31.0,0,0,7,Mr,0,0,adult,1,0,0,0,0,0,0,0,0,0
806,0,1,male,39.0,0,0,0,Mr,0,0,adult,0,0,0,0,0,1,0,0,0,5
807,0,3,female,18.0,0,0,7,Miss,0,0,child,1,0,0,0,0,0,0,0,0,0
808,0,2,male,39.0,0,0,13,Mr,0,0,adult,1,0,0,0,0,0,0,0,0,0
809,1,1,female,33.0,1,0,53,Mrs,0,0,adult,0,0,1,0,0,0,0,0,0,2
810,0,3,male,26.0,0,0,7,Mr,0,0,adult,1,0,0,0,0,0,0,0,0,0
811,0,3,male,39.0,0,0,24,Mr,0,0,adult,1,0,0,0,0,0,0,0,0,0
812,0,2,male,35.0,0,0,10,Mr,0,0,adult,1,0,0,0,0,0,0,0,0,0
813,0,3,female,6.0,4,2,31,Miss,0,0,child,1,0,0,0,0,0,0,0,0,0
814,0,3,male,30.5,0,0,8,Mr,0,0,adult,1,0,0,0,0,0,0,0,0,0
815,0,1,male,38.9897318376,0,0,0,Mr,0,0,adult,0,0,0,0,0,0,1,0,0,6
816,0,3,female,23.0,0,0,7,Miss,0,0,adult,1,0,0,0,0,0,0,0,0,0
817,0,2,male,31.0,1,1,37,Mr,1,0,adult,1,0,0,0,0,0,0,0,0,0
818,0,3,male,43.0,0,0,6,Mr,0,0,mature,1,0,0,0,0,0,0,0,0,0
819,0,3,male,10.0,3,2,27,Master,0,0,child,1,0,0,0,0,0,0,0,0,0
820,1,1,female,52.0,1,1,93,Mrs,0,0,mature,0,0,0,0,0,0,1,0,0,6
821,1,3,male,27.0,0,0,8,Mr,0,0,adult,1,0,0,0,0,0,0,0,0,0
822,0,1,male,38.0,0,0,0,Master,0,0,adult,1,0,0,0,0,0,0,0,0,0
823,1,3,female,27.0,0,1,12,Mrs,0,0,adult,0,0,1,0,0,0,0,0,0,2
824,0,3,male,2.0,4,1,39,Master,0,0,child,1,0,0,0,0,0,0,0,0,0
825,0,3,male,21.602361903,0,0,6,Mr,0,1,adult,1,0,0,0,0,0,0,0,0,0
826,0,3,male,29.5568551227,0,0,56,Mr,0,0,adult,1,0,0,0,0,0,0,0,0,0
827,1,2,male,1.0,0,2,37,Master,1,0,child,1,0,0,0,0,0,0,0,0,0
828,1,3,male,31.3433157707,0,0,7,Mr,0,1,adult,1,0,0,0,0,0,0,0,0,0
829,1,1,female,62.0,0,0,80,Mrs,0,0,old,0,0,0,0,0,0,1,0,0,6
830,1,3,female,15.0,1,0,14,Mrs,1,0,child,1,0,0,0,0,0,0,0,0,0
831,1,2,male,0.83,1,1,18,Master,0,0,child,1,0,0,0,0,0,0,0,0,0
832,0,3,male,27.4215716865,0,0,7,Mr,1,0,adult,1,0,0,0,0,0,0,0,0,0
833,0,3,male,23.0,0,0,7,Mr,0,0,adult,1,0,0,0,0,0,0,0,0,0
834,0,3,male,18.0,0,0,8,Mr,0,0,child,1,0,0,0,0,0,0,0,0,0
835,1,1,female,39.0,1,1,83,Miss,1,0,adult,0,0,1,0,0,0,0,0,0,2
836,0,3,male,21.0,0,0,8,Mr,0,0,adult,1,0,0,0,0,0,0,0,0,0
837,0,3,male,28.7049555547,0,0,8,Sir,0,0,adult,1,0,0,0,0,0,0,0,0,0
838,1,3,male,32.0,0,0,56,Mr,0,0,adult,1,0,0,0,0,0,0,0,0,0
839,1,1,male,52.0707464286,0,0,29,Mr,1,0,mature,0,1,0,0,0,0,0,0,0,1
840,0,3,male,20.0,0,0,7,Mr,0,0,adult,1,0,0,0,0,0,0,0,0,0
841,0,2,male,16.0,0,0,10,Mr,0,0,child,1,0,0,0,0,0,0,0,0,0
842,1,1,female,30.0,0,0,31,Miss,1,0,adult,1,0,0,0,0,0,0,0,0,0
843,0,3,male,34.5,0,0,6,Mr,1,0,adult,1,0,0,0,0,0,0,0,0,0
844,0,3,male,17.0,0,0,8,Mr,0,0,child,1,0,0,0,0,0,0,0,0,0
845,0,3,male,42.0,0,0,7,Mr,0,0,mature,1,0,0,0,0,0,0,0,0,0
846,0,3,male,10.8111535152,8,2,69,Mr,0,0,child,1,0,0,0,0,0,0,0,0,0
847,0,3,male,35.0,0,0,7,Mr,1,0,adult,1,0,0,0,0,0,0,0,0,0
848,0,2,male,28.0,0,1,33,NaN,0,0,adult,1,0,0,0,0,0,0,0,0,0
849,1,1,female,41.6271916667,1,0,89,Mrs,1,0,mature,0,1,0,0,0,0,0,0,0,1
850,0,3,male,4.0,4,2,31,Master,0,0,child,1,0,0,0,0,0,0,0,0,0
851,0,3,male,74.0,0,0,7,Mr,0,0,old,1,0,0,0,0,0,0,0,0,0
852,0,3,female,9.0,1,1,15,Miss,1,0,child,1,0,0,0,0,0,0,0,0,0
853,1,1,female,16.0,0,1,39,Miss,0,0,child,0,0,0,0,1,0,0,0,0,4
854,0,2,female,44.0,1,0,26,Mrs,0,0,mature,1,0,0,0,0,0,0,0,0,0
855,1,3,female,18.0,0,1,9,Mrs,0,0,child,1,0,0,0,0,0,0,0,0,0
856,1,1,female,45.0,1,1,164,Mrs,0,0,mature,1,0,0,0,0,0,0,0,0,0
857,1,1,male,51.0,0,0,26,Mr,0,0,mature,0,0,1,0,0,0,0,0,0,2
858,1,3,female,24.0,0,3,19,Mrs,1,0,adult,1,0,0,0,0,0,0,0,0,0
859,0,3,male,27.4215716865,0,0,7,Mr,1,0,adult,1,0,0,0,0,0,0,0,0,0
860,0,3,male,41.0,2,0,14,Mr,0,0,mature,1,0,0,0,0,0,0,0,0,0
861,0,2,male,21.0,1,0,11,Mr,0,0,adult,1,0,0,0,0,0,0,0,0,0
862,1,1,female,48.0,0,0,25,Mrs,0,0,mature,0,0,0,0,1,0,0,0,0,4
863,0,3,female,10.8111535152,8,2,69,Miss,0,0,child,1,0,0,0,0,0,0,0,0,0
864,0,2,male,24.0,0,0,13,Mr,0,0,adult,1,0,0,0,0,0,0,0,0,0
865,1,2,female,42.0,0,0,13,Mrs,0,0,mature,1,0,0,0,0,0,0,0,0,0
866,1,2,female,27.0,1,0,13,Miss,1,0,adult,1,0,0,0,0,0,0,0,0,0
867,0,1,male,31.0,0,0,50,Mr,0,0,adult,0,0,0,0,0,1,0,0,0,5
868,0,3,male,27.4316689602,0,0,9,Mr,0,0,adult,1,0,0,0,0,0,0,0,0,0
869,1,3,male,4.0,1,1,11,Master,0,0,child,1,0,0,0,0,0,0,0,0,0
870,0,3,male,26.0,0,0,7,Mr,0,0,adult,1,0,0,0,0,0,0,0,0,0
871,1,1,female,47.0,1,1,52,Mrs,0,0,mature,0,0,0,0,1,0,0,0,0,4
872,0,1,male,33.0,0,0,5,Mr,0,0,adult,0,0,0,0,0,0,1,0,0,6
873,0,3,male,47.0,0,0,9,Mr,0,0,mature,1,0,0,0,0,0,0,0,0,0
874,1,2,female,28.0,1,0,24,Mrs,1,0,adult,1,0,0,0,0,0,0,0,0,0
875,1,3,female,15.0,0,0,7,Miss,1,0,child,1,0,0,0,0,0,0,0,0,0
876,0,3,male,20.0,0,0,9,Mr,0,0,adult,1,0,0,0,0,0,0,0,0,0
877,0,3,male,19.0,0,0,7,Mr,0,0,adult,1,0,0,0,0,0,0,0,0,0
878,0,3,male,28.0454478935,0,0,7,Mr,0,0,adult,1,0,0,0,0,0,0,0,0,0
879,1,1,female,56.0,0,1,83,Mrs,1,0,mature,0,1,0,0,0,0,0,0,0,1
880,1,2,female,25.0,0,1,26,Mrs,0,0,adult,1,0,0,0,0,0,0,0,0,0
881,0,3,male,33.0,0,0,7,Mr,0,0,adult,1,0,0,0,0,0,0,0,0,0
882,0,3,female,22.0,0,0,10,Miss,0,0,adult,1,0,0,0,0,0,0,0,0,0
883,0,2,male,28.0,0,0,10,Mr,0,0,adult,1,0,0,0,0,0,0,0,0,0
884,0,3,male,25.0,0,0,7,Mr,0,0,adult,1,0,0,0,0,0,0,0,0,0
885,0,3,female,39.0,0,5,29,Mrs,0,1,adult,1,0,0,0,0,0,0,0,0,0
886,0,2,male,27.0,0,0,13,NaN,0,0,adult,1,0,0,0,0,0,0,0,0,0
887,1,1,female,19.0,0,0,30,Miss,0,0,adult,0,0,0,0,0,0,1,0,0,6
888,0,3,female,13.3631920635,1,2,23,Miss,0,0,child,1,0,0,0,0,0,0,0,0,0
889,1,1,male,26.0,0,0,30,Mr,1,0,adult,0,1,0,0,0,0,0,0,0,1
890,0,3,male,32.0,0,0,7,Mr,0,1,adult,1,0,0,0,0,0,0,0,0,0
